-- Generation time: Mon, 23 Dec 2019 10:47:30 +0000
-- Host: mysql.hostinger.ro
-- DB name: u574849695_22
/*!40030 SET NAMES UTF8 */;
/*!40101 SET @OLD_CHARACTER_SET_CLIENT=@@CHARACTER_SET_CLIENT */;
/*!40101 SET @OLD_CHARACTER_SET_RESULTS=@@CHARACTER_SET_RESULTS */;
/*!40101 SET @OLD_COLLATION_CONNECTION=@@COLLATION_CONNECTION */;
/*!40103 SET @OLD_TIME_ZONE=@@TIME_ZONE */;
/*!40103 SET TIME_ZONE='+00:00' */;
/*!40014 SET @OLD_UNIQUE_CHECKS=@@UNIQUE_CHECKS, UNIQUE_CHECKS=0 */;
/*!40014 SET @OLD_FOREIGN_KEY_CHECKS=@@FOREIGN_KEY_CHECKS, FOREIGN_KEY_CHECKS=0 */;
/*!40101 SET @OLD_SQL_MODE=@@SQL_MODE, SQL_MODE='NO_AUTO_VALUE_ON_ZERO' */;
/*!40111 SET @OLD_SQL_NOTES=@@SQL_NOTES, SQL_NOTES=0 */;

DROP TABLE IF EXISTS `comments`;
CREATE TABLE `comments` (
  `id` bigint(20) unsigned NOT NULL AUTO_INCREMENT,
  `user_id` bigint(20) unsigned NOT NULL,
  `media_id` bigint(20) unsigned NOT NULL,
  `created_at` datetime DEFAULT current_timestamp(),
  `edited_at` datetime DEFAULT NULL,
  PRIMARY KEY (`id`),
  KEY `user_id` (`user_id`),
  KEY `media_id` (`media_id`),
  CONSTRAINT `comments_ibfk_1` FOREIGN KEY (`user_id`) REFERENCES `users` (`id`),
  CONSTRAINT `comments_ibfk_2` FOREIGN KEY (`media_id`) REFERENCES `media` (`id`)
) ENGINE=InnoDB AUTO_INCREMENT=101 DEFAULT CHARSET=utf8 COLLATE=utf8_unicode_ci;

INSERT INTO `comments` VALUES ('1','1','1','2004-02-21 13:39:55','1975-06-01 21:07:17'),
('2','2','2','1976-04-07 21:20:37','1979-12-02 07:19:34'),
('3','3','3','2018-01-14 13:47:24','1997-02-01 14:38:33'),
('4','4','4','1987-04-27 11:27:08','2014-09-24 13:41:16'),
('5','5','5','1986-05-12 00:18:21','1982-11-06 08:59:55'),
('6','6','6','1998-09-23 15:44:18','1975-07-06 17:05:41'),
('7','7','7','1996-12-23 17:15:40','2002-12-14 11:53:13'),
('8','8','8','1974-08-08 14:07:08','1986-12-17 07:47:31'),
('9','9','9','1997-07-04 16:01:00','1983-02-11 16:37:00'),
('10','10','10','1987-07-25 05:33:03','1981-01-20 08:29:30'),
('11','11','11','1991-10-24 18:05:12','2009-09-28 00:34:00'),
('12','12','12','1983-09-13 23:17:02','2000-07-09 14:08:04'),
('13','13','13','2002-03-12 08:51:52','1992-07-09 21:20:14'),
('14','14','14','1988-05-20 23:18:49','1982-06-06 00:52:46'),
('15','15','15','2014-06-01 11:09:28','1980-06-06 22:30:36'),
('16','16','16','2018-09-15 16:32:44','2014-02-04 09:19:02'),
('17','17','17','1977-09-26 05:37:36','2001-07-29 21:28:07'),
('18','18','18','1977-04-25 07:42:14','2004-11-22 20:01:17'),
('19','19','19','2001-09-24 13:00:58','1989-04-26 20:11:05'),
('20','20','20','2017-09-06 02:09:59','2008-12-21 21:33:30'),
('21','21','21','1981-07-01 03:34:22','2009-05-29 18:18:16'),
('22','22','22','2017-12-17 00:20:08','2005-07-03 13:58:42'),
('23','23','23','1970-04-30 15:36:35','1978-03-24 03:53:08'),
('24','24','24','1983-04-13 15:26:28','1983-09-04 18:04:51'),
('25','25','25','2016-11-01 20:34:29','2011-02-06 11:01:40'),
('26','26','26','2018-02-08 15:12:52','1995-01-25 02:31:47'),
('27','27','27','1991-02-20 08:26:41','2017-08-09 02:02:37'),
('28','28','28','2004-05-22 23:05:12','1990-09-21 08:08:09'),
('29','29','29','1976-09-28 17:53:31','2008-12-05 08:18:29'),
('30','30','30','2000-05-13 18:08:53','1990-01-29 21:57:39'),
('31','31','31','1971-11-09 00:29:11','2018-09-16 05:26:31'),
('32','32','32','2011-03-17 13:42:32','1996-12-25 07:40:56'),
('33','33','33','1983-07-19 13:21:23','1995-05-20 22:47:35'),
('34','34','34','2003-12-19 16:56:40','1982-02-26 09:54:56'),
('35','35','35','1996-10-11 16:41:33','2012-07-02 19:33:23'),
('36','36','36','1992-10-29 01:22:27','1992-01-30 13:29:04'),
('37','37','37','1972-09-26 03:28:03','1991-06-27 13:37:48'),
('38','38','38','2001-03-02 10:52:38','1999-01-03 03:43:28'),
('39','39','39','1983-11-07 18:59:32','2007-08-24 10:39:05'),
('40','40','40','1997-12-04 23:21:53','1990-07-12 05:22:36'),
('41','41','41','2015-11-08 02:06:15','1976-07-08 10:05:34'),
('42','42','42','1999-08-27 23:52:25','1972-03-05 13:08:21'),
('43','43','43','1972-06-07 21:25:34','1996-09-28 19:37:34'),
('44','44','44','2010-07-17 01:22:01','2000-01-07 11:46:55'),
('45','45','45','1998-01-28 00:59:53','1994-10-17 08:02:58'),
('46','46','46','2009-06-10 16:58:21','1986-08-25 14:54:18'),
('47','47','47','1981-06-13 14:13:14','2017-09-22 03:53:15'),
('48','48','48','1990-09-03 21:47:59','1977-12-09 06:57:25'),
('49','49','49','1974-12-29 02:28:58','2010-07-05 19:57:58'),
('50','50','50','1976-12-14 20:37:22','1987-05-05 15:57:12'),
('51','51','51','2002-07-08 10:52:17','2004-11-30 18:22:34'),
('52','52','52','1988-08-12 00:40:11','2014-04-22 08:55:32'),
('53','53','53','2015-02-27 04:48:00','1983-07-25 17:03:48'),
('54','54','54','2018-06-22 18:18:07','2018-09-05 13:04:43'),
('55','55','55','1998-06-21 04:53:35','2013-12-30 23:48:57'),
('56','56','56','1990-12-27 03:47:01','1998-12-14 20:55:43'),
('57','57','57','1972-04-04 08:21:47','2009-07-05 03:47:26'),
('58','58','58','1977-03-22 08:29:56','1993-09-28 05:16:12'),
('59','59','59','1992-10-03 05:01:38','1988-02-02 07:09:39'),
('60','60','60','1997-06-15 13:27:35','1983-04-02 15:10:08'),
('61','61','61','1986-01-25 21:18:08','2006-03-15 18:14:53'),
('62','62','62','1997-11-20 10:31:29','1970-10-24 15:14:32'),
('63','63','63','1972-03-29 03:37:54','1999-04-21 11:56:08'),
('64','64','64','2016-05-27 09:16:17','1986-02-21 12:19:12'),
('65','65','65','1982-02-24 06:35:45','2017-03-23 12:28:43'),
('66','66','66','1980-04-21 07:50:33','1994-01-13 04:39:42'),
('67','67','67','1985-05-25 17:52:48','1972-05-20 14:47:00'),
('68','68','68','1974-04-12 12:59:23','2015-02-09 16:30:21'),
('69','69','69','1970-01-07 11:12:53','1995-09-01 20:09:48'),
('70','70','70','1990-11-13 10:28:31','1997-01-02 08:47:54'),
('71','71','71','1975-09-20 09:41:42','2016-09-21 18:25:24'),
('72','72','72','1975-05-28 07:32:44','1978-08-20 21:55:57'),
('73','73','73','2008-01-11 02:55:43','1996-06-09 19:52:31'),
('74','74','74','2012-09-06 20:21:24','2014-04-16 09:46:45'),
('75','75','75','1983-07-22 20:21:36','2016-01-05 16:56:02'),
('76','76','76','2014-04-12 01:26:56','1979-06-28 13:48:21'),
('77','77','77','2006-02-18 08:14:57','2005-04-25 00:48:29'),
('78','78','78','1985-07-21 03:50:44','1986-07-13 02:50:42'),
('79','79','79','2007-09-12 15:58:19','2014-01-23 02:46:29'),
('80','80','80','1977-04-27 11:04:21','1982-01-14 19:19:24'),
('81','81','81','1972-06-02 22:11:14','1976-05-26 16:11:23'),
('82','82','82','1980-12-26 18:59:22','1971-06-28 15:12:33'),
('83','83','83','1995-04-09 08:14:52','1979-04-07 14:49:00'),
('84','84','84','2016-05-30 00:40:45','2000-11-12 21:40:28'),
('85','85','85','1986-02-05 04:15:11','2016-09-29 21:11:08'),
('86','86','86','1999-07-24 18:26:39','1973-11-24 12:56:01'),
('87','87','87','2003-02-22 22:14:25','1992-12-28 06:22:56'),
('88','88','88','2007-04-24 06:17:00','1999-07-06 15:03:32'),
('89','89','89','1976-02-11 08:02:52','1983-05-15 05:01:21'),
('90','90','90','1980-04-25 12:00:54','1980-12-10 18:42:20'),
('91','91','91','1979-10-15 11:06:10','2014-07-11 07:37:06'),
('92','92','92','1970-11-13 20:08:48','2017-05-25 05:08:16'),
('93','93','93','2009-03-11 17:25:55','1977-06-06 06:11:12'),
('94','94','94','2017-12-24 00:53:59','2019-05-25 23:07:32'),
('95','95','95','1994-05-12 23:14:03','2009-10-26 17:43:08'),
('96','96','96','1995-12-18 06:47:06','1970-06-30 03:53:08'),
('97','97','97','1977-04-27 13:17:54','2006-09-13 23:32:56'),
('98','98','98','2000-12-22 21:00:15','2015-12-05 05:52:33'),
('99','99','99','2005-11-17 05:53:08','1991-03-08 15:05:08'),
('100','100','100','2008-03-07 12:26:15','1994-05-25 21:26:07'); 


DROP TABLE IF EXISTS `communities`;
CREATE TABLE `communities` (
  `id` bigint(20) unsigned NOT NULL AUTO_INCREMENT,
  `name` varchar(150) COLLATE utf8_unicode_ci DEFAULT NULL,
  PRIMARY KEY (`id`),
  KEY `communities_name_idx` (`name`)
) ENGINE=InnoDB AUTO_INCREMENT=101 DEFAULT CHARSET=utf8 COLLATE=utf8_unicode_ci;

INSERT INTO `communities` VALUES ('48','a'),
('14','adipisci'),
('29','alias'),
('1','asperiores'),
('63','assumenda'),
('13','aut'),
('93','autem'),
('79','commodi'),
('7','consectetur'),
('86','consequatur'),
('47','corporis'),
('27','culpa'),
('9','debitis'),
('24','debitis'),
('32','dolorem'),
('64','dolorem'),
('21','doloremque'),
('66','dolores'),
('53','eligendi'),
('96','error'),
('31','est'),
('35','est'),
('75','est'),
('20','et'),
('38','et'),
('88','et'),
('92','et'),
('34','eum'),
('100','eveniet'),
('65','ex'),
('42','exercitationem'),
('6','explicabo'),
('39','fuga'),
('49','fuga'),
('67','fuga'),
('4','fugiat'),
('60','fugiat'),
('69','fugit'),
('71','in'),
('72','in'),
('98','ipsam'),
('2','laborum'),
('11','laudantium'),
('41','libero'),
('56','magnam'),
('62','maiores'),
('77','maiores'),
('78','maxime'),
('81','minus'),
('85','nam'),
('91','nam'),
('97','natus'),
('22','neque'),
('95','neque'),
('82','non'),
('51','nostrum'),
('25','nulla'),
('28','nulla'),
('46','numquam'),
('70','numquam'),
('87','officiis'),
('5','omnis'),
('80','omnis'),
('84','perspiciatis'),
('52','possimus'),
('61','provident'),
('89','quaerat'),
('12','qui'),
('33','qui'),
('57','qui'),
('18','quia'),
('23','quis'),
('94','quisquam'),
('19','quo'),
('44','quod'),
('90','quos'),
('50','repellat'),
('45','repudiandae'),
('17','rerum'),
('30','rerum'),
('58','saepe'),
('83','sed'),
('36','sequi'),
('74','similique'),
('37','sint'),
('76','sint'),
('55','sit'),
('59','sunt'),
('43','unde'),
('3','ut'),
('16','ut'),
('26','ut'),
('54','ut'),
('73','ut'),
('99','vel'),
('10','veritatis'),
('68','voluptas'),
('8','voluptatem'),
('15','voluptatem'),
('40','voluptatem'); 


DROP TABLE IF EXISTS `friend_requests`;
CREATE TABLE `friend_requests` (
  `initiator_user_id` bigint(20) unsigned NOT NULL,
  `target_user_id` bigint(20) unsigned NOT NULL,
  `status` enum('requested','approved','unfriended','declined') COLLATE utf8_unicode_ci DEFAULT NULL,
  `requested_at` datetime DEFAULT current_timestamp(),
  `confirmed_at` datetime DEFAULT NULL,
  PRIMARY KEY (`initiator_user_id`,`target_user_id`),
  KEY `initiator_user_id` (`initiator_user_id`),
  KEY `target_user_id` (`target_user_id`),
  CONSTRAINT `friend_requests_ibfk_1` FOREIGN KEY (`initiator_user_id`) REFERENCES `users` (`id`),
  CONSTRAINT `friend_requests_ibfk_2` FOREIGN KEY (`target_user_id`) REFERENCES `users` (`id`)
) ENGINE=InnoDB DEFAULT CHARSET=utf8 COLLATE=utf8_unicode_ci;

INSERT INTO `friend_requests` VALUES ('1','1','requested','1999-07-27 02:36:18','1987-09-21 01:30:54'),
('2','2','unfriended','2015-10-19 23:43:29','1998-07-11 22:11:56'),
('3','3','requested','2010-01-16 20:56:14','1973-04-05 12:47:30'),
('4','4','requested','2011-06-27 04:38:19','1997-09-07 19:02:16'),
('5','5','declined','1981-12-01 00:18:11','2008-05-10 00:04:48'),
('6','6','approved','1989-12-22 07:39:05','1978-05-20 04:00:21'),
('7','7','requested','1970-03-15 06:46:54','2012-05-14 05:07:37'),
('8','8','declined','1988-11-22 02:09:33','2006-07-14 08:55:16'),
('9','9','declined','1973-03-21 08:34:49','2002-10-04 13:10:51'),
('10','10','declined','2018-07-30 22:40:13','2012-01-28 04:22:58'),
('11','11','unfriended','1978-01-26 20:20:24','1973-09-26 23:43:13'),
('12','12','requested','2010-08-08 12:06:12','1972-12-03 22:03:10'),
('13','13','unfriended','1993-06-16 19:02:21','1991-03-16 10:07:03'),
('14','14','requested','1990-07-11 21:24:57','1994-04-03 05:12:12'),
('15','15','approved','1994-07-03 03:48:48','2007-04-29 13:16:05'),
('16','16','requested','1990-04-24 23:52:24','1993-07-12 16:17:06'),
('17','17','requested','2002-01-21 02:31:45','1993-11-11 21:05:08'),
('18','18','unfriended','1977-07-06 06:28:59','2013-06-01 00:01:24'),
('19','19','unfriended','1984-07-14 18:48:44','2007-08-04 13:44:56'),
('20','20','declined','2001-09-08 11:52:35','2019-12-19 14:27:04'),
('21','21','unfriended','1986-11-19 03:49:07','1999-06-09 05:08:12'),
('22','22','declined','1973-04-29 23:32:19','1972-08-13 14:16:51'),
('23','23','declined','2004-11-01 19:53:42','1977-11-22 20:30:27'),
('24','24','requested','1987-02-14 06:15:01','2013-09-04 08:04:19'),
('25','25','declined','2010-08-19 18:54:11','1990-09-08 22:57:02'),
('26','26','declined','2006-02-23 00:08:06','2000-07-03 16:16:05'),
('27','27','declined','1985-10-13 08:48:52','1992-09-05 20:16:44'),
('28','28','declined','1977-03-31 01:05:44','1978-11-21 04:39:09'),
('29','29','requested','2003-09-21 19:14:17','1970-08-05 19:26:18'),
('30','30','approved','1992-03-05 08:48:00','2002-08-04 20:55:54'),
('31','31','declined','2004-12-02 02:08:20','1985-05-15 18:24:34'),
('32','32','declined','1976-07-06 05:25:10','1986-04-02 12:57:41'),
('33','33','unfriended','2011-04-17 17:08:39','1972-02-28 04:16:24'),
('34','34','declined','1976-12-27 11:51:43','1997-02-06 00:25:58'),
('35','35','declined','2012-10-19 20:54:32','1979-06-07 10:29:47'),
('36','36','unfriended','1978-12-17 18:23:13','2013-10-25 07:22:27'),
('37','37','approved','2005-08-08 02:44:46','1989-07-20 17:46:08'),
('38','38','requested','2001-09-19 21:59:50','1973-11-26 12:45:10'),
('39','39','requested','1996-01-05 16:20:48','1986-06-26 18:21:45'),
('40','40','unfriended','2004-02-04 02:17:55','1976-02-24 23:14:11'),
('41','41','declined','1976-02-16 23:11:24','2018-03-05 14:29:16'),
('42','42','approved','1988-02-21 16:26:27','1991-04-16 16:39:29'),
('43','43','requested','2006-02-20 14:03:07','1977-04-01 00:03:51'),
('44','44','requested','2002-01-20 15:10:35','2012-05-05 14:21:28'),
('45','45','unfriended','2001-03-22 15:33:12','2014-11-24 15:25:39'),
('46','46','unfriended','1994-08-12 16:42:57','1998-05-09 06:41:13'),
('47','47','approved','1998-08-24 12:13:28','1983-05-15 14:33:13'),
('48','48','declined','1976-01-04 12:12:38','1986-02-02 16:10:12'),
('49','49','requested','1986-02-13 09:25:26','1984-07-11 05:59:32'),
('50','50','requested','2010-10-12 16:31:39','2011-12-30 05:00:16'),
('51','51','declined','1977-10-10 17:46:15','1995-09-11 21:35:01'),
('52','52','approved','1970-07-28 03:46:12','2013-11-20 03:13:30'),
('53','53','unfriended','2013-11-14 10:09:36','2014-06-17 02:25:02'),
('54','54','approved','1987-07-03 04:47:13','1986-09-09 20:24:35'),
('55','55','approved','2012-11-29 08:53:16','1977-11-24 02:17:36'),
('56','56','requested','2007-06-11 08:58:24','1970-06-08 13:00:59'),
('57','57','declined','2002-02-18 17:21:17','1991-05-08 11:14:44'),
('58','58','requested','2013-07-17 18:03:21','1984-09-15 08:09:53'),
('59','59','declined','1983-09-10 10:27:46','1972-12-07 04:45:18'),
('60','60','declined','2009-11-26 12:18:04','1997-11-22 18:52:47'),
('61','61','requested','2006-05-06 20:52:18','1999-02-16 01:44:53'),
('62','62','requested','2016-08-28 11:14:31','1989-04-14 23:55:41'),
('63','63','requested','2009-12-15 20:35:53','1981-02-17 11:36:41'),
('64','64','declined','2001-06-10 19:08:12','1985-03-12 00:32:29'),
('65','65','unfriended','2017-04-15 04:52:58','1979-11-02 15:52:53'),
('66','66','unfriended','2014-02-13 18:22:44','2012-05-10 13:34:42'),
('67','67','requested','1977-11-23 19:58:31','1995-03-07 16:58:07'),
('68','68','approved','2011-12-28 18:22:10','1996-10-08 07:32:38'),
('69','69','approved','2017-05-23 20:06:36','2007-10-01 02:38:02'),
('70','70','requested','1985-10-17 19:39:27','1976-05-14 08:18:46'),
('71','71','approved','1989-06-11 11:56:37','1978-05-18 11:04:32'),
('72','72','unfriended','2019-10-28 19:10:10','2008-11-16 12:53:59'),
('73','73','unfriended','1973-03-22 13:07:48','1999-10-24 23:21:02'),
('74','74','requested','1992-01-27 02:40:31','2004-07-03 01:11:51'),
('75','75','declined','2019-11-23 04:02:17','2000-06-21 10:15:44'),
('76','76','requested','1989-09-26 17:42:06','2002-07-26 10:17:06'),
('77','77','approved','2005-08-16 06:30:09','2010-02-15 14:57:34'),
('78','78','requested','1972-06-26 14:19:51','2016-05-19 06:19:56'),
('79','79','approved','2012-01-26 02:29:17','1970-12-07 17:03:13'),
('80','80','unfriended','2013-02-07 00:09:59','1971-04-25 15:40:40'),
('81','81','declined','2004-07-11 05:29:16','2002-02-21 21:38:08'),
('82','82','approved','1973-02-26 11:54:56','2004-09-01 10:46:47'),
('83','83','requested','2003-12-07 08:30:49','2018-05-06 00:15:19'),
('84','84','approved','1990-05-19 18:34:34','2004-07-29 03:38:33'),
('85','85','requested','1995-06-27 12:52:24','1978-03-20 18:45:49'),
('86','86','requested','2005-01-12 06:29:30','2018-08-29 20:26:50'),
('87','87','unfriended','1997-09-19 21:43:31','1983-03-26 09:30:25'),
('88','88','unfriended','1983-10-29 18:08:08','2010-02-11 19:39:29'),
('89','89','declined','2013-03-20 20:23:52','1982-06-09 09:31:49'),
('90','90','declined','1979-03-26 08:35:13','1971-06-27 10:19:40'),
('91','91','requested','2015-02-08 17:03:11','1992-03-31 23:21:27'),
('92','92','declined','1977-06-24 00:25:39','2013-01-28 05:55:50'),
('93','93','requested','1997-06-15 08:44:25','2010-08-03 02:23:27'),
('94','94','approved','2006-07-13 04:27:38','2016-09-26 19:53:36'),
('95','95','approved','2015-01-26 21:11:41','2019-10-25 00:47:49'),
('96','96','declined','1986-10-13 04:06:40','2009-10-27 08:56:22'),
('97','97','unfriended','2010-10-04 23:20:29','1984-05-14 06:56:51'),
('98','98','unfriended','2016-04-05 00:39:03','1974-02-16 10:32:45'),
('99','99','requested','1971-05-24 16:32:23','2010-12-21 18:26:35'),
('100','100','declined','2007-10-16 09:50:21','2009-12-03 13:34:06'); 


DROP TABLE IF EXISTS `likes`;
CREATE TABLE `likes` (
  `id` bigint(20) unsigned NOT NULL AUTO_INCREMENT,
  `user_id` bigint(20) unsigned NOT NULL,
  `media_id` bigint(20) unsigned NOT NULL,
  `created_at` datetime DEFAULT current_timestamp(),
  PRIMARY KEY (`id`),
  KEY `user_id` (`user_id`),
  KEY `media_id` (`media_id`),
  CONSTRAINT `likes_ibfk_1` FOREIGN KEY (`user_id`) REFERENCES `users` (`id`),
  CONSTRAINT `likes_ibfk_2` FOREIGN KEY (`media_id`) REFERENCES `media` (`id`)
) ENGINE=InnoDB AUTO_INCREMENT=101 DEFAULT CHARSET=utf8 COLLATE=utf8_unicode_ci;

INSERT INTO `likes` VALUES ('1','1','1','2003-07-21 00:30:05'),
('2','2','2','1974-09-03 16:49:39'),
('3','3','3','2013-03-18 15:28:00'),
('4','4','4','2014-11-25 00:18:58'),
('5','5','5','1997-02-15 05:23:46'),
('6','6','6','1996-09-07 05:49:02'),
('7','7','7','1978-04-19 09:50:30'),
('8','8','8','1970-02-27 13:18:53'),
('9','9','9','1972-10-22 10:30:40'),
('10','10','10','2011-03-06 14:41:53'),
('11','11','11','1985-07-18 16:48:37'),
('12','12','12','1999-12-01 20:07:07'),
('13','13','13','2004-08-07 01:01:19'),
('14','14','14','2009-09-21 07:31:35'),
('15','15','15','1980-05-18 19:05:52'),
('16','16','16','1983-09-23 10:59:22'),
('17','17','17','2000-10-22 21:39:44'),
('18','18','18','2018-12-29 08:19:39'),
('19','19','19','1975-11-12 14:04:34'),
('20','20','20','1972-05-26 22:37:12'),
('21','21','21','1975-06-14 16:00:27'),
('22','22','22','1986-06-04 10:09:53'),
('23','23','23','1998-09-17 20:45:10'),
('24','24','24','2014-10-23 12:54:57'),
('25','25','25','1978-11-20 04:05:52'),
('26','26','26','1997-07-07 21:27:01'),
('27','27','27','1970-04-15 14:52:19'),
('28','28','28','1990-05-17 03:29:37'),
('29','29','29','1990-12-07 11:42:54'),
('30','30','30','2017-03-06 16:49:15'),
('31','31','31','1980-05-11 22:45:24'),
('32','32','32','1981-07-14 11:28:40'),
('33','33','33','1976-10-18 19:27:00'),
('34','34','34','1992-11-06 10:40:05'),
('35','35','35','1997-05-17 08:20:33'),
('36','36','36','2007-01-04 13:14:17'),
('37','37','37','2005-11-26 02:26:59'),
('38','38','38','2008-05-28 01:10:43'),
('39','39','39','1974-10-27 05:36:19'),
('40','40','40','1995-06-27 15:35:50'),
('41','41','41','2019-07-30 10:58:02'),
('42','42','42','2007-02-16 03:24:36'),
('43','43','43','1996-03-17 15:52:21'),
('44','44','44','1983-12-23 12:32:59'),
('45','45','45','1979-04-04 10:04:05'),
('46','46','46','2008-03-15 19:04:48'),
('47','47','47','2012-03-27 16:38:47'),
('48','48','48','1988-06-18 08:04:12'),
('49','49','49','1977-08-05 07:23:41'),
('50','50','50','2015-04-01 19:26:23'),
('51','51','51','2018-11-25 10:47:29'),
('52','52','52','2003-01-21 03:27:18'),
('53','53','53','1978-11-11 14:22:22'),
('54','54','54','1993-01-15 02:22:44'),
('55','55','55','1999-05-18 05:28:26'),
('56','56','56','2019-05-17 03:22:03'),
('57','57','57','2003-09-28 20:38:00'),
('58','58','58','1989-06-18 21:25:02'),
('59','59','59','1994-11-15 19:23:56'),
('60','60','60','1971-03-19 21:14:14'),
('61','61','61','1972-12-22 12:32:11'),
('62','62','62','2004-02-02 15:26:16'),
('63','63','63','1988-09-28 16:05:37'),
('64','64','64','1970-05-29 09:30:02'),
('65','65','65','2016-02-02 18:57:40'),
('66','66','66','1976-02-29 07:58:34'),
('67','67','67','1982-04-14 04:12:23'),
('68','68','68','2003-11-12 08:26:16'),
('69','69','69','2015-03-26 12:45:20'),
('70','70','70','1980-09-19 11:59:20'),
('71','71','71','1992-08-14 09:01:13'),
('72','72','72','1975-12-17 16:26:40'),
('73','73','73','1993-03-07 11:05:57'),
('74','74','74','2018-02-09 03:32:21'),
('75','75','75','2017-01-30 10:50:37'),
('76','76','76','1973-01-16 01:16:35'),
('77','77','77','2002-02-01 06:19:12'),
('78','78','78','1977-06-04 06:30:27'),
('79','79','79','1986-11-21 18:47:28'),
('80','80','80','2010-11-07 07:18:22'),
('81','81','81','1982-11-23 02:48:33'),
('82','82','82','2014-03-09 01:05:33'),
('83','83','83','1974-02-18 12:22:21'),
('84','84','84','2018-07-09 23:24:46'),
('85','85','85','1971-03-25 19:15:23'),
('86','86','86','1980-04-04 20:30:10'),
('87','87','87','1984-06-02 18:17:35'),
('88','88','88','2012-06-11 17:27:23'),
('89','89','89','2008-05-11 03:10:40'),
('90','90','90','2005-02-17 13:50:54'),
('91','91','91','2017-07-25 18:47:57'),
('92','92','92','2005-06-28 08:24:36'),
('93','93','93','1972-09-10 15:21:12'),
('94','94','94','1996-02-14 17:11:45'),
('95','95','95','2008-01-29 08:08:43'),
('96','96','96','2008-10-09 20:02:54'),
('97','97','97','2015-04-20 14:07:27'),
('98','98','98','1970-10-20 03:11:03'),
('99','99','99','2013-09-01 03:24:23'),
('100','100','100','1998-01-13 04:49:55'); 


DROP TABLE IF EXISTS `media`;
CREATE TABLE `media` (
  `id` bigint(20) unsigned NOT NULL AUTO_INCREMENT,
  `media_type_id` bigint(20) unsigned NOT NULL,
  `user_id` bigint(20) unsigned NOT NULL,
  `body` text COLLATE utf8_unicode_ci DEFAULT NULL,
  `filename` varchar(255) COLLATE utf8_unicode_ci DEFAULT NULL,
  `size` int(11) DEFAULT NULL,
  `metadata` longtext CHARACTER SET utf8mb4 COLLATE utf8mb4_bin DEFAULT NULL,
  `created_at` datetime DEFAULT current_timestamp(),
  `updated_at` datetime DEFAULT current_timestamp() ON UPDATE current_timestamp(),
  PRIMARY KEY (`id`),
  KEY `user_id` (`user_id`),
  KEY `media_type_id` (`media_type_id`),
  CONSTRAINT `media_ibfk_1` FOREIGN KEY (`user_id`) REFERENCES `users` (`id`),
  CONSTRAINT `media_ibfk_2` FOREIGN KEY (`media_type_id`) REFERENCES `media_types` (`id`)
) ENGINE=InnoDB AUTO_INCREMENT=101 DEFAULT CHARSET=utf8 COLLATE=utf8_unicode_ci;

INSERT INTO `media` VALUES ('1','1','1','Et animi non modi animi ut consectetur. Sed ipsam ut sed vero. Veritatis et dolor dolore hic molestiae.','et','4',NULL,'2017-02-12 09:07:29','1984-11-15 19:54:49'),
('2','2','2','Nam deleniti corporis ipsam iure quia excepturi. Voluptatem quibusdam architecto non modi eum. Odit facere ipsum eveniet ipsa. Architecto dolores voluptate soluta adipisci facilis et dolor repellat.','aut','86',NULL,'1971-08-04 13:29:49','1971-12-10 22:34:42'),
('3','3','3','Ut et rerum veniam itaque deserunt. Dolores commodi odio ab inventore mollitia ut delectus. Deleniti aspernatur mollitia facilis fugiat distinctio. Magnam accusantium aut et optio asperiores totam.','eius','244495',NULL,'1995-10-17 12:45:50','1980-04-03 16:33:15'),
('4','4','4','Eligendi mollitia dolore eos. Delectus praesentium eos rem dolores natus qui. Unde velit quos delectus libero quia non.','ab','5363',NULL,'1983-08-12 23:35:38','1980-02-19 23:56:21'),
('5','5','5','Rerum sit aperiam eligendi aut dicta quia sit quibusdam. Saepe distinctio debitis eum minima dolor aperiam tempora asperiores. Explicabo excepturi fuga est maxime qui asperiores voluptatibus.','esse','20',NULL,'1984-05-13 19:13:10','1970-07-02 21:02:27'),
('6','1','6','Fugiat quod velit nobis sit quibusdam esse. Porro in suscipit ut minima exercitationem. Amet animi quis asperiores esse fugiat iusto dolores.','fugit','29',NULL,'1987-05-03 15:07:03','2002-09-28 14:55:50'),
('7','2','7','Quis vel veritatis in ea et. Eum voluptatibus eius ut perferendis deleniti quis. Porro fugiat qui velit occaecati.','velit','11134',NULL,'1994-10-30 00:41:45','1985-03-31 02:40:44'),
('8','3','8','Voluptatem consectetur et qui cupiditate et natus provident. Aperiam et qui est ut. Fuga quasi rem beatae architecto eveniet similique recusandae et.','vero','46744998',NULL,'1984-08-28 09:55:05','1995-04-24 20:49:53'),
('9','4','9','Nulla quibusdam velit aperiam rerum eos sed. Sed adipisci ullam explicabo iusto. Quasi esse et consequatur nesciunt. Maiores ipsum consectetur nostrum.','nihil','55',NULL,'2015-12-20 05:07:12','1972-09-17 08:08:13'),
('10','5','10','Quasi magnam cumque unde perspiciatis repellendus temporibus. Aspernatur ducimus quo quisquam expedita culpa et maxime. Saepe occaecati laborum id quia ullam maxime repellat nesciunt.','minus','0',NULL,'1986-11-29 05:45:08','1974-02-17 08:00:57'),
('11','1','11','Minus eos sed eius eius atque perspiciatis libero. Ea eveniet quidem nihil nihil voluptates. Nostrum dolorem molestiae veritatis enim autem.','est','6986',NULL,'2013-01-11 05:44:14','1991-08-19 05:37:24'),
('12','2','12','Veritatis est eligendi et corrupti nisi repellendus reiciendis fugit. Nihil modi doloremque optio est minus et. Reprehenderit consequatur dignissimos temporibus velit inventore.','consequatur','941',NULL,'1985-11-06 11:01:56','1972-06-08 08:39:53'),
('13','3','13','Eaque voluptate ipsam ea illo quas facilis. Et sunt necessitatibus rerum quidem nisi voluptatem numquam laudantium. Qui aut temporibus pariatur cumque.','doloremque','58',NULL,'2009-06-19 13:14:38','2015-12-16 14:13:44'),
('14','4','14','Est temporibus consequatur rerum id voluptas molestiae. Blanditiis ea sequi impedit non delectus. Laboriosam dolor odit occaecati deleniti.','sapiente','838149315',NULL,'2014-10-29 20:47:09','1988-03-26 19:16:02'),
('15','5','15','Quo doloribus aliquid consectetur delectus. Accusamus quisquam et incidunt. Inventore aut harum totam iusto commodi quo. Aut quisquam placeat minima consequatur. Excepturi et at ut ducimus.','accusantium','262576',NULL,'2018-08-11 03:56:58','1994-11-21 03:02:46'),
('16','1','16','Facere est ex eveniet ut iste. Exercitationem vel culpa adipisci. Ut reiciendis beatae qui laudantium itaque maiores. Odio debitis neque non ut est. Molestias unde qui ea dignissimos.','aut','64',NULL,'2003-08-26 08:10:46','2007-08-04 19:21:29'),
('17','2','17','Occaecati consequatur dolor laudantium aliquam architecto ut. Ullam id qui nam sint sed consequatur velit ut. Maxime quis voluptas exercitationem qui iste non quia nihil.','error','6',NULL,'1982-04-06 10:44:43','1998-05-04 21:39:48'),
('18','3','18','Sed commodi eum occaecati est rerum sit. Explicabo vero iure accusantium sapiente quos nam. Cupiditate similique neque ducimus quod delectus optio. Libero repellendus deserunt quo voluptatem dolorem voluptas qui. Dolorem exercitationem assumenda occaecati odio facilis aut.','placeat','46',NULL,'2008-07-02 20:45:46','2019-10-29 09:27:36'),
('19','4','19','Quis sapiente impedit tempore et cumque. Labore ratione dignissimos nemo culpa quos culpa cumque.','ipsa','97',NULL,'2012-07-13 00:49:58','1985-07-09 19:32:48'),
('20','5','20','Ea facilis mollitia ut doloremque. Quod sequi veritatis rerum culpa quasi. Odit eos rerum sint eum neque. Sunt ut enim aspernatur reprehenderit magnam. Molestias itaque aliquid vel.','quod','9121112',NULL,'1976-09-14 06:02:01','1970-09-05 17:06:13'),
('21','1','21','Qui voluptas accusantium voluptatum. Dolorum illum architecto ut soluta consequuntur. Voluptas ea quo aut quod. Excepturi optio et est quidem facilis sunt.','autem','7940',NULL,'1980-07-01 21:50:27','2010-01-24 23:49:06'),
('22','2','22','Similique eligendi animi ut. Est labore porro et necessitatibus cum sed.','voluptas','0',NULL,'1989-07-03 21:07:25','1999-08-24 20:07:39'),
('23','3','23','Totam hic neque id veniam sequi. Maxime nobis tempora ducimus laboriosam vero. Sed totam facilis voluptatem sint qui aut. Saepe itaque quod aut.','maiores','45',NULL,'1988-06-01 17:31:12','1979-07-07 15:17:57'),
('24','4','24','Sit cum animi enim deserunt fuga voluptatem reprehenderit nemo. Magnam a quo omnis.','animi','0',NULL,'2007-02-17 16:09:29','1973-04-01 06:17:18'),
('25','5','25','Omnis est accusantium sunt reprehenderit. Illo vitae quae voluptatem animi inventore.','delectus','65341624',NULL,'1988-06-27 09:03:02','2001-03-11 08:35:59'),
('26','1','26','Dolores aliquam enim ut quibusdam quidem. Est dolores similique voluptas rem dolor aut voluptatem. Repellendus fuga non tenetur repellendus dolorem. Est et distinctio et in doloribus temporibus eius.','et','1',NULL,'1979-07-22 11:04:16','2009-04-19 09:24:59'),
('27','2','27','Omnis ipsum omnis doloremque quia et omnis. Necessitatibus eos doloremque error enim laudantium nemo. Recusandae cum necessitatibus voluptas pariatur consequuntur dicta officiis.','similique','40',NULL,'2018-10-21 19:20:01','1976-10-17 10:46:22'),
('28','3','28','Porro dolorem distinctio aut et tempore dolores. Eos accusamus vel qui et molestiae. Non voluptas corrupti qui ut occaecati ullam et. Quod commodi molestiae quod officiis vel.','asperiores','854635548',NULL,'1986-01-21 14:32:41','2005-09-20 01:53:08'),
('29','4','29','Qui fugit mollitia facere eos asperiores. Natus laborum natus qui sit est et. Omnis dolor nisi sint qui.','rem','927153',NULL,'2019-08-21 19:39:52','1990-05-04 01:05:04'),
('30','5','30','Ut voluptas voluptatum distinctio quae est. Delectus harum vel consectetur aut in iusto perspiciatis. Dolorem velit pariatur atque qui qui fugit ut.','et','59944',NULL,'1989-08-09 16:16:12','2009-01-22 17:26:33'),
('31','1','31','Ut in quidem dolores voluptatem aut voluptas recusandae quos. Quia magni eum magnam non necessitatibus blanditiis odit repellat.','facere','56',NULL,'2007-02-26 16:04:43','1987-04-23 21:01:42'),
('32','2','32','Nostrum in libero quo est est consequatur. Itaque enim quaerat atque et vel vitae quasi. Adipisci consequuntur ab repellat repellendus. Ab occaecati aperiam rerum non. Laborum necessitatibus ea illo eaque debitis.','debitis','9017',NULL,'2012-03-06 04:54:21','1982-01-01 18:25:04'),
('33','3','33','Distinctio sequi cumque natus culpa sapiente consequatur nihil. Adipisci minima quia et. Ducimus corrupti omnis quas qui recusandae consequatur non et. Sit sit assumenda molestiae culpa.','tempore','829142',NULL,'2002-05-30 13:46:21','1989-01-26 19:54:50'),
('34','4','34','Quis non minima quis quo. Officia aut quo quaerat est. Ipsam quis aliquam nesciunt assumenda voluptatem provident. Rerum officia sed sapiente esse quas.','quaerat','501730867',NULL,'1971-08-04 01:12:53','1992-01-07 20:59:39'),
('35','5','35','Nobis consequatur qui itaque accusantium quod est nisi. Omnis accusamus placeat officiis ipsam. Modi impedit eius totam qui eius. Natus voluptatibus rerum possimus aut.','quasi','0',NULL,'1983-08-22 07:22:33','1987-07-30 23:51:03'),
('36','1','36','Est doloribus occaecati iusto. Fugiat quo beatae et minima. Maxime hic dicta aut excepturi voluptatem.','autem','18',NULL,'2000-07-14 18:30:34','1990-04-16 01:30:36'),
('37','2','37','Quidem eius eum nostrum nemo. Et est eligendi dolore. Repudiandae animi dolor est. Voluptas neque sint quis deserunt eum quis dolorum.','autem','9',NULL,'1999-12-05 13:28:14','1987-05-08 17:29:14'),
('38','3','38','Quidem et dolorum veniam. Pariatur aut illo excepturi est sunt omnis explicabo. Fugiat inventore qui ullam beatae qui. Autem maiores quam autem cumque voluptas dolorem a. Atque dignissimos est repudiandae sint et ipsa et.','nihil','39154574',NULL,'2019-12-17 10:10:32','1995-03-16 01:14:10'),
('39','4','39','Voluptatibus quam qui eius. Ea tenetur porro et corrupti id tenetur libero qui. A atque dolores dignissimos ipsam dolorem delectus.','illo','87851',NULL,'1981-02-23 23:25:44','1993-01-05 00:07:14'),
('40','5','40','Voluptatem hic necessitatibus quia aliquid aliquid est non. Suscipit ipsum nisi consequuntur sed. Minus atque minus blanditiis enim. Consequatur voluptatem laboriosam incidunt deserunt est.','sint','0',NULL,'1979-01-15 00:31:57','2013-03-24 23:48:55'),
('41','1','41','Maxime recusandae nostrum porro occaecati dolores. Voluptatem ut occaecati hic. Vel sed rerum eveniet qui. Dolorem neque omnis dicta illum.','impedit','820869',NULL,'1973-03-21 08:52:02','2009-04-28 11:53:35'),
('42','2','42','Qui excepturi nobis minima iusto deleniti at aliquid cupiditate. Dolorem saepe voluptatem enim a expedita fuga doloremque. Fugit unde quia officiis placeat.','ad','680061',NULL,'2015-01-26 19:08:25','2013-06-04 17:55:57'),
('43','3','43','Nam nisi error veniam repudiandae porro saepe reiciendis. Officia dicta velit veritatis occaecati. Et accusamus quae expedita perspiciatis.','qui','93940',NULL,'1991-10-02 00:38:02','1991-12-04 19:34:41'),
('44','4','44','Autem nulla et perspiciatis porro. Ut expedita laudantium maiores inventore autem rerum alias. Voluptate excepturi quia optio id enim excepturi est. Veritatis cum veniam sequi aut ut. Ut aliquid quae dolore omnis magnam.','est','663566',NULL,'1982-02-02 01:55:58','2007-03-24 11:42:00'),
('45','5','45','Minus magni earum fuga possimus quo omnis. Labore nulla qui consequatur voluptatum iusto. Consequatur minus ad quaerat at in facere. Dolorem est ab quam exercitationem.','cumque','0',NULL,'1997-05-13 16:20:30','2010-05-03 10:21:46'),
('46','1','46','Accusamus provident nam ducimus natus. Ut explicabo sint nisi nostrum rerum.','a','634881822',NULL,'1995-12-21 01:46:04','2003-11-14 14:15:02'),
('47','2','47','Suscipit maxime quis occaecati officiis. Aut quis dolorem ipsa explicabo at. Fugiat voluptate voluptatem deleniti consequuntur omnis. Pariatur atque laboriosam quod dolores eos saepe.','sit','98',NULL,'2012-03-23 18:55:45','2006-05-11 02:30:42'),
('48','3','48','Perferendis sed cum hic ipsa. Facere repellendus voluptas repudiandae quis laudantium dolorem explicabo qui.','eum','485',NULL,'1971-06-08 22:07:07','1988-10-09 22:25:53'),
('49','4','49','Nisi autem nobis quo quo. Modi recusandae rerum porro omnis itaque. Non neque quia reprehenderit et neque dicta. Dolor quibusdam et rerum delectus ut.','doloribus','110',NULL,'1994-11-16 21:56:33','1985-08-31 13:27:44'),
('50','5','50','Blanditiis adipisci et praesentium sed ad hic. Beatae voluptatibus deserunt et eos. Consequatur doloremque et reprehenderit quidem.','expedita','16886828',NULL,'2017-10-02 09:42:37','2000-10-06 19:44:53'),
('51','1','51','Voluptas veniam natus doloremque. Eum architecto nam labore aut qui vel dolores. Et laboriosam nisi non pariatur. Officia voluptatem est dolor totam eos impedit placeat odit.','quas','125796143',NULL,'1981-03-28 19:05:43','1997-06-09 15:37:29'),
('52','2','52','Minus esse ut nihil inventore nesciunt eveniet. Rerum quidem illum ad sit id. Nostrum temporibus non cum aliquid. Et et molestiae ullam.','ab','548453',NULL,'1992-11-20 07:16:49','1990-04-05 02:22:47'),
('53','3','53','Voluptas optio ipsum occaecati harum libero. Maiores illo autem molestiae quia fugiat nihil. Velit provident harum repellat vero sunt rem impedit. Saepe esse perspiciatis nostrum ex.','nemo','25285292',NULL,'1975-02-06 19:02:01','1998-01-12 01:15:17'),
('54','4','54','Sed eum delectus odit nemo soluta iure quo asperiores. Eum sint officiis tempore dolorum. Repellat rem distinctio amet placeat.','quas','30891',NULL,'1984-08-31 08:37:13','2014-03-21 21:55:41'),
('55','5','55','Et vel quas quidem similique odio neque laudantium. Eligendi qui omnis dolores ad ut quidem omnis enim. Dolorem vel quisquam aspernatur.','et','3',NULL,'1988-08-25 14:00:38','1979-09-05 18:14:49'),
('56','1','56','Perspiciatis et blanditiis porro architecto qui velit. Ut est impedit voluptas impedit in. Eligendi blanditiis eaque provident ipsam.','dolorem','94625536',NULL,'2010-03-03 17:34:51','2013-03-04 09:15:55'),
('57','2','57','Et enim dolor nisi blanditiis. Corporis sunt deleniti veritatis ut facere dolorem et. Pariatur explicabo eius ullam hic. Qui est corrupti error ducimus adipisci quo.','nemo','4',NULL,'2012-07-11 23:52:17','1971-06-23 04:33:28'),
('58','3','58','Itaque molestiae iusto molestias. Voluptas soluta quidem nam commodi voluptatum recusandae. Doloremque magni cumque placeat adipisci animi ab.','id','505438657',NULL,'1993-04-18 18:09:53','1996-08-07 08:29:02'),
('59','4','59','Dicta soluta perferendis blanditiis atque consectetur nostrum velit. Ut voluptatum nisi voluptatem magnam. Dignissimos et modi enim. Quidem ut dignissimos mollitia totam.','sit','908430',NULL,'2009-08-18 21:46:16','1974-01-25 17:27:37'),
('60','5','60','Ipsam voluptatem doloribus cupiditate similique corporis doloribus et. Voluptatum consequatur ut ratione. Recusandae omnis laborum animi ipsa quia quod neque possimus. Asperiores vel nisi voluptatibus eos ea aliquam quis.','soluta','2107',NULL,'2018-09-26 23:42:30','1974-08-01 00:59:18'),
('61','1','61','Amet et nisi et unde non saepe. Nostrum repellendus sint sunt maxime ut. Et nesciunt autem autem quia explicabo. Id error architecto tempore quaerat a sint.','rem','6891',NULL,'1982-05-12 16:45:40','1994-04-04 00:05:39'),
('62','2','62','Perspiciatis aliquam placeat perferendis eaque quia dolor provident veniam. Eius ut iste praesentium non fuga. Vero culpa fugiat unde unde est. Tempora aut amet voluptatem repellat nostrum id.','molestias','1598831',NULL,'2002-03-27 21:06:23','1987-12-02 12:04:16'),
('63','3','63','Dolor iure et eaque sint quam sed voluptatem. Sapiente aut consequuntur veritatis repellat et architecto rerum. Velit esse dolor est laboriosam aliquam. Dolorum minima porro error accusamus molestiae omnis. Debitis aut odit occaecati eius et.','iste','0',NULL,'1986-10-25 17:50:05','2000-09-11 01:00:06'),
('64','4','64','Illum in expedita enim repudiandae qui. Deserunt vitae qui inventore voluptatem sit et. Aut ex explicabo ex commodi tempora optio. Autem non dolor praesentium repellat numquam totam odio minima.','eum','7552894',NULL,'1990-09-21 07:24:42','1992-05-22 16:22:41'),
('65','5','65','Est explicabo autem ad deleniti voluptatum et beatae quam. Corporis et nihil quod quaerat. In accusamus autem commodi qui quo non error.','consectetur','85997378',NULL,'2017-08-09 22:53:39','2000-08-19 16:00:05'),
('66','1','66','Expedita deserunt et asperiores vel. Repudiandae id corporis minus. Itaque facere eos numquam nobis molestias ducimus.','ea','81152787',NULL,'1970-07-24 10:47:08','1991-07-06 11:22:37'),
('67','2','67','Natus similique nemo repellendus. Atque quaerat deleniti rerum autem commodi.','amet','3',NULL,'1993-09-24 23:02:37','2016-01-27 17:43:22'),
('68','3','68','Saepe sit ipsum quibusdam excepturi ut unde asperiores. Repudiandae velit cumque ut qui iste id voluptas. Nesciunt aut accusamus maxime qui. Consequatur omnis aut qui assumenda aut cupiditate.','et','36',NULL,'2005-06-09 12:32:21','1987-08-02 07:05:41'),
('69','4','69','Architecto sit eligendi laborum. Nesciunt expedita earum assumenda et odit. Inventore cupiditate repudiandae eaque harum provident soluta. Natus non harum amet fugiat unde optio ullam.','incidunt','544',NULL,'1996-06-29 07:24:50','2007-07-08 11:23:45'),
('70','5','70','Et et temporibus id et facilis et quibusdam. Aperiam quia nam adipisci quia. Fuga deleniti nostrum ullam totam debitis voluptatem. Quia qui est numquam consequatur ea.','dolorem','6420896',NULL,'1985-12-31 12:54:21','2014-01-14 18:16:15'),
('71','1','71','Et voluptates similique amet voluptatem est consequatur. Dolorem perspiciatis quis sed laborum quia est provident. Sed officiis labore eaque exercitationem. Quo eaque eaque fugiat eveniet sint. Dolore dolor ab occaecati id porro est.','sequi','44914',NULL,'2015-04-11 14:25:12','1975-12-21 07:57:37'),
('72','2','72','Inventore nam odit iure dolores quasi. Magnam quas explicabo cumque ullam sequi. Qui cumque autem atque. Quisquam molestiae ut est perspiciatis sed.','itaque','0',NULL,'1997-04-18 23:14:14','1998-08-25 01:42:44'),
('73','3','73','Nulla praesentium molestiae officia. Rerum repellendus consequatur tempora nihil repellat rerum architecto. Dolor qui accusantium et optio blanditiis voluptas natus ducimus.','labore','97068',NULL,'1975-08-06 22:08:04','2019-07-23 12:57:42'),
('74','4','74','Provident ducimus a labore aliquam neque rem. Illum et sint consequatur quia cupiditate. Perferendis porro ab ducimus veniam at asperiores placeat.','quos','28',NULL,'2004-09-29 00:06:04','1991-10-25 15:48:43'),
('75','5','75','Assumenda quidem ea sed aliquam. Vero similique quaerat voluptates quisquam unde aut deserunt. Exercitationem ut dignissimos odit cupiditate et.','ipsa','564',NULL,'1972-03-18 11:27:40','1988-11-13 16:06:52'),
('76','1','76','Recusandae odit ut dolor perferendis iste. Eaque rem deserunt et cumque sunt ratione vel.','quod','689117',NULL,'2000-09-07 23:57:59','1983-10-14 06:06:12'),
('77','2','77','Est esse deserunt deserunt totam deleniti ut. Molestiae eos numquam itaque natus repellat quae aut. Vel exercitationem est eius.','illum','42',NULL,'2001-11-07 19:45:14','1974-01-17 12:55:30'),
('78','3','78','Rerum quas repellendus est repellat. Id dolore facere hic autem. Qui tempora voluptatem autem et et officiis. Ea quia et et quis debitis ullam neque.','et','613',NULL,'1975-07-25 03:40:56','1981-03-03 00:59:11'),
('79','4','79','Excepturi aperiam cumque ullam in. Tempora distinctio dolor consectetur et fugit labore. Ducimus id est laudantium est ducimus quidem.','possimus','6633',NULL,'1983-04-14 00:00:18','1988-12-16 10:48:12'),
('80','5','80','Enim aliquam quod est voluptatem quibusdam voluptatum eius. Et quam quo consequatur aut quos possimus. Minima est id nesciunt tenetur cum eligendi numquam omnis. Sapiente fugit et et id minima qui. Quod illum illum consequatur provident sint cum.','blanditiis','9109',NULL,'1990-02-18 09:09:44','2002-01-24 00:58:32'),
('81','1','81','Et maiores eius totam commodi dolor. Voluptate veniam esse cumque nam non corrupti. Reiciendis mollitia vitae voluptas voluptatibus et. Odio perspiciatis consectetur et quisquam fuga.','cumque','3',NULL,'1987-12-23 08:50:23','1988-06-01 16:54:02'),
('82','2','82','Numquam nisi ut velit odio. Autem libero veritatis minus architecto. Velit ducimus ut delectus.','quia','5899239',NULL,'1990-10-11 19:12:41','1982-02-13 13:35:19'),
('83','3','83','Accusamus sint vero qui qui quia sed. Provident voluptatem autem vitae consequatur ut officiis quia dolores. Numquam quae sint voluptatem. Ex rerum dolores doloribus labore aliquam sit voluptatem voluptatem.','non','824631344',NULL,'1975-01-01 08:46:54','2013-04-03 04:24:46'),
('84','4','84','Sequi assumenda facilis ea et magnam. Consectetur quam eum tenetur eos. Enim unde unde voluptatem iusto quam iusto.','pariatur','0',NULL,'1987-09-18 15:23:27','1971-07-30 18:29:48'),
('85','5','85','In ut ut ad quisquam natus dolorum. Voluptate tenetur velit ut. Et similique et culpa et molestiae est. Blanditiis quo omnis voluptas minima laboriosam atque odit.','ea','63890',NULL,'1986-10-12 06:55:16','1982-05-04 20:26:20'),
('86','1','86','Eum molestiae neque consequuntur qui fugit molestiae. Aliquid dolorum quod et et tenetur rem officiis.','assumenda','136787',NULL,'2019-03-20 09:11:56','2016-06-03 12:19:20'),
('87','2','87','Nostrum temporibus labore nam enim. Laboriosam quia velit excepturi earum asperiores repudiandae assumenda. Est et excepturi minima rerum architecto voluptas ullam.','et','72412292',NULL,'1992-10-20 10:04:55','1987-09-13 04:49:51'),
('88','3','88','Hic deserunt molestias ut omnis. Sit nihil vel rerum voluptatem architecto rerum. Doloremque suscipit commodi quod explicabo et aut soluta quisquam.','vitae','45',NULL,'2012-01-30 07:39:28','1976-06-20 23:47:16'),
('89','4','89','Dolores rerum blanditiis repellat corrupti doloremque qui non. Quidem suscipit autem sint pariatur quos. Nihil ipsam quia distinctio. Et qui nobis sequi ut veritatis.','eaque','5860822',NULL,'1983-12-11 21:31:27','1996-01-30 20:20:18'),
('90','5','90','Vel voluptatem fugit quidem voluptatem. Veritatis dolorum sequi et. Explicabo provident eaque sint sit consequatur. Omnis provident sapiente inventore qui consequatur voluptatum et.','possimus','222681959',NULL,'2013-04-18 02:31:28','1984-10-14 12:04:12'),
('91','1','91','Eum doloribus est sit placeat tempora minima voluptatibus. Illum repudiandae consequuntur asperiores culpa. Eaque natus non vitae hic alias tenetur earum.','error','94',NULL,'1983-08-15 01:38:51','1975-09-16 02:55:45'),
('92','2','92','Quia corporis magnam cum cum. Et neque voluptas aliquid sit et unde. Ratione eligendi aut omnis maxime natus est impedit.','cumque','7469',NULL,'1982-08-10 05:36:34','2013-05-27 07:43:14'),
('93','3','93','Magni qui sint esse asperiores dolores. Quidem nisi fuga consequuntur enim. Odio voluptatem et eos ea quaerat. Error praesentium sint ullam natus non sapiente officiis.','cupiditate','89223210',NULL,'1997-05-30 05:37:53','1995-01-09 06:16:35'),
('94','4','94','Cum reiciendis eveniet sed ducimus qui dicta accusamus quos. Praesentium id voluptas dolorem praesentium illo. Ut qui sit culpa reiciendis dicta. Dolor voluptatibus odit nesciunt rerum. Expedita et est magni et illo.','velit','5270',NULL,'2009-02-26 07:54:35','2018-02-06 01:50:45'),
('95','5','95','Eum totam blanditiis amet tempora. Sequi quaerat delectus vel reiciendis assumenda natus optio. Velit aut officia enim porro ea. Sed sit et neque id quia et.','voluptas','586143204',NULL,'2011-07-13 08:22:13','2007-12-06 15:32:20'),
('96','1','96','Quia molestias aut et qui aut expedita iste. Et voluptatem quaerat in unde nostrum.','harum','95629709',NULL,'2002-08-16 09:02:34','1999-09-18 23:50:48'),
('97','2','97','Nobis temporibus excepturi quidem praesentium. Rerum laborum officiis mollitia et saepe. Unde et et eveniet rerum ut natus sunt. Expedita at optio debitis soluta.','ut','83',NULL,'1974-04-13 09:19:57','1997-09-27 06:28:37'),
('98','3','98','Porro natus sit eius ipsum rerum repellat accusamus. Aliquid vero aut illum fugiat. Non qui et alias nesciunt incidunt similique hic. Saepe magni placeat dolore voluptate beatae.','dolores','870019',NULL,'1997-03-21 21:21:43','1982-02-18 12:01:07'),
('99','4','99','Recusandae quia ex voluptas itaque. Harum tenetur aut et ab eligendi magni magnam. Vel harum possimus facilis esse dignissimos doloribus. Omnis magni repellendus explicabo reiciendis nesciunt illum et consequatur. Rerum sunt et at a fuga expedita eius.','dolores','0',NULL,'2011-11-07 09:58:01','2002-08-13 21:09:21'),
('100','5','100','Ea in et nulla veritatis cum autem et. Accusamus quaerat consequatur consequatur esse.','voluptates','896',NULL,'2019-07-25 07:44:39','2018-08-31 05:18:26'); 


DROP TABLE IF EXISTS `media_types`;
CREATE TABLE `media_types` (
  `id` bigint(20) unsigned NOT NULL AUTO_INCREMENT,
  `name` varchar(255) COLLATE utf8_unicode_ci DEFAULT NULL,
  `created_at` datetime DEFAULT current_timestamp(),
  `updated_at` datetime DEFAULT current_timestamp() ON UPDATE current_timestamp(),
  PRIMARY KEY (`id`)
) ENGINE=InnoDB AUTO_INCREMENT=6 DEFAULT CHARSET=utf8 COLLATE=utf8_unicode_ci;

INSERT INTO `media_types` VALUES ('1','aut','1977-09-12 11:58:02','2007-03-20 19:13:24'),
('2','autem','2017-05-10 21:20:01','1988-04-02 12:11:23'),
('3','sed','1978-07-17 10:32:40','1992-09-24 16:59:22'),
('4','quaerat','1989-10-12 14:10:57','1998-09-06 05:30:04'),
('5','dolorum','2001-07-17 12:56:51','1976-07-04 17:04:38'); 


DROP TABLE IF EXISTS `messages`;
CREATE TABLE `messages` (
  `id` bigint(20) unsigned NOT NULL AUTO_INCREMENT,
  `from_user_id` bigint(20) unsigned NOT NULL,
  `to_user_id` bigint(20) unsigned NOT NULL,
  `body` text COLLATE utf8_unicode_ci DEFAULT NULL,
  `created_at` datetime DEFAULT current_timestamp(),
  PRIMARY KEY (`id`),
  KEY `messages_from_user_id` (`from_user_id`),
  KEY `messages_to_user_id` (`to_user_id`),
  CONSTRAINT `messages_ibfk_1` FOREIGN KEY (`from_user_id`) REFERENCES `users` (`id`),
  CONSTRAINT `messages_ibfk_2` FOREIGN KEY (`to_user_id`) REFERENCES `users` (`id`)
) ENGINE=InnoDB AUTO_INCREMENT=1001 DEFAULT CHARSET=utf8 COLLATE=utf8_unicode_ci;

INSERT INTO `messages` VALUES ('1','1','1','Officiis maiores deleniti ab maiores quo et. Consequuntur quos ullam eos perspiciatis labore dolores recusandae. Natus sint dolorem ad aut suscipit veniam maxime.','2010-09-14 02:44:50'),
('2','2','2','Quaerat enim sed dicta doloremque rerum. Consequuntur placeat consequatur est explicabo. Error delectus quia incidunt soluta minima ducimus fugiat. Minima vel ut doloribus. Ex cupiditate et nihil sed veritatis modi quia et.','2019-09-22 20:50:24'),
('3','3','3','Sit qui consequuntur vel. Esse iure optio impedit maxime. Assumenda quo maiores itaque non quas laborum omnis. Perferendis sit natus libero est.','2000-07-25 20:57:42'),
('4','4','4','Ea totam cum explicabo ut et. Quae dolorem voluptate natus perferendis. Facilis iure ut esse voluptatem quia voluptas qui occaecati. Aperiam consequatur suscipit labore ad pariatur quaerat ad.','1971-04-05 03:05:56'),
('5','5','5','Omnis dolore nostrum quo magni asperiores voluptatem dolores. Quis officiis adipisci facere enim repellat et aut. Amet exercitationem ut odit nesciunt. Est beatae tempora ipsum minima sequi.','1975-11-11 00:11:32'),
('6','6','6','Repellendus vitae eum quaerat consequatur. Aperiam aliquam qui repudiandae accusantium voluptatibus fugiat vitae. Rem omnis voluptatem eum qui. Et nihil consequuntur eaque porro.','1994-02-11 20:25:16'),
('7','7','7','Voluptatum sed consectetur iste aut nesciunt. Placeat omnis error et commodi voluptates. Molestias non ut et et qui.','1979-03-12 00:23:42'),
('8','8','8','Eum est aut numquam dolores at. Sint facere aut dolorem ut id nihil harum. Excepturi suscipit odit accusantium. Ab in delectus quo similique repellendus rerum ullam.','2012-03-14 13:36:36'),
('9','9','9','Reiciendis sit et rerum voluptatum nemo. Delectus incidunt consectetur esse consequatur est. Dolor minus commodi esse atque necessitatibus est.','2000-10-23 10:35:01'),
('10','10','10','Sed non saepe minus natus est repellat sapiente. Possimus suscipit doloremque ab accusamus nihil quo omnis. Autem veritatis numquam consectetur. Cum qui adipisci illo sed et.','1986-10-09 22:04:06'),
('11','11','11','Rem cumque totam fugit voluptas vero tempora velit quisquam. Veritatis officiis quisquam quia repudiandae adipisci porro. Inventore modi repudiandae sapiente est error nihil.','1985-06-23 14:04:43'),
('12','12','12','Consequatur sed qui id delectus nam. Officiis assumenda quam quia. Dolor corrupti ipsum inventore maiores. Vel fugiat ut in ex fugiat quasi.','2004-06-24 16:05:14'),
('13','13','13','Cum eveniet in nisi quam nesciunt dolorem. Similique animi officiis quas veritatis sit dolorum voluptates. Occaecati labore voluptatem ipsa neque molestias ullam. Aut ut animi est quae.','1999-06-21 16:29:01'),
('14','14','14','Sit veniam voluptate itaque molestiae veniam iure. Excepturi omnis sint culpa voluptatem quisquam et. Dolores omnis nam laudantium.','1971-04-20 15:27:56'),
('15','15','15','Temporibus qui eius autem ipsum. Animi et aut amet sit praesentium illum facilis. Sint non reiciendis quos quod minus consequatur sed. Est corrupti accusantium ex est non.','1973-02-01 15:18:26'),
('16','16','16','In ut explicabo dolor iusto fugiat voluptates. Non iure quia suscipit veritatis vero et et ut. Quae porro beatae eos velit temporibus quos.','1993-05-21 12:34:47'),
('17','17','17','Laboriosam ipsum alias et incidunt. Vel deserunt quis aut aut animi sint. Illo aut autem nostrum dolorem ullam. Odit possimus et consectetur et illo.','1995-12-24 15:48:08'),
('18','18','18','Nostrum inventore inventore quia sunt nihil sed fugit. Quibusdam officia consequatur cupiditate error. Corrupti aut necessitatibus in rerum voluptatem sapiente. Dolore minus modi quis cum fuga molestiae.','1970-08-19 16:19:31'),
('19','19','19','Vitae natus qui laudantium explicabo. Unde voluptatem numquam eum non. Odit ut vel labore quibusdam qui voluptatem totam.','2008-11-26 22:46:15'),
('20','20','20','Eum iusto quisquam qui occaecati maiores ut atque. Dolore temporibus voluptas animi incidunt omnis ullam. Quisquam suscipit doloribus quam error molestiae optio. Et possimus qui magni nihil veritatis.','1980-01-19 06:57:37'),
('21','21','21','Quis iure nesciunt porro nobis et. Non totam et earum inventore. Et ducimus neque ut.','1980-12-18 03:27:38'),
('22','22','22','Dolore omnis praesentium ab deserunt animi. Quaerat commodi explicabo dolorem quia omnis vero. Quas vero aut omnis quisquam quia assumenda.','1982-10-29 15:05:08'),
('23','23','23','Ducimus sapiente fugit magni mollitia eveniet. Vitae ullam voluptas ut est dolores et quo. Ex ipsa animi consequatur quia cupiditate illo. Error omnis et pariatur tempora.','2007-07-01 21:24:13'),
('24','24','24','Animi placeat vel sunt blanditiis sit enim. Accusantium velit facilis itaque est ut. Dolorem ea rerum nisi. Voluptatem animi omnis enim.','1977-02-20 15:16:02'),
('25','25','25','Veniam veniam vero quia qui. Fuga doloribus iste vero et rerum beatae laudantium. Laborum sit suscipit atque quasi est earum.','1973-08-02 20:23:44'),
('26','26','26','Molestiae doloribus soluta reprehenderit voluptatem ipsa molestias fugit autem. Non minus aspernatur quia fugiat illum officiis. Quod alias itaque eius et. Sunt perspiciatis explicabo quae odio illum accusamus.','2014-06-24 04:18:47'),
('27','27','27','Voluptate corrupti quos adipisci beatae. Suscipit molestiae aut in amet minima numquam necessitatibus facilis. Id est animi ut vero voluptas eum corporis.','1975-03-14 03:46:33'),
('28','28','28','Aut non quam nesciunt perspiciatis quibusdam vel atque. Aut corporis quia sint vel et. Rerum commodi aliquam eos pariatur sed tenetur aut dolor.','1977-10-25 05:03:36'),
('29','29','29','Et quibusdam officia sed eos dicta. Quia aut et placeat asperiores.','2001-01-06 23:51:17'),
('30','30','30','Et rerum distinctio et dolor quas quam. Vitae doloribus laboriosam sint aut quia rerum dolorem. Aliquam et in quas quisquam corporis.','1998-07-10 01:26:47'),
('31','31','31','Et voluptas hic voluptas. Nihil eum et id nihil atque. Quae libero officiis et iure nisi aut consequatur.','2002-10-17 05:01:03'),
('32','32','32','Accusantium aut ea modi. Consequatur sunt vero quia eveniet nihil. Magnam dolor eos consequatur iusto amet perspiciatis. Fugit rerum facilis quia voluptatibus nihil fugit quia.','1976-07-25 01:06:57'),
('33','33','33','Est veniam blanditiis ipsa quae. Facilis expedita et doloribus distinctio nam aperiam recusandae aut. Est eius aut corrupti et expedita autem nobis. Quos dolorum consequuntur harum incidunt.','2009-07-02 15:35:10'),
('34','34','34','Minus tempora quis vel nesciunt. Dicta ratione voluptatem saepe dolore nesciunt eum quia dolor. Libero provident id omnis fugit est animi. Recusandae labore est iusto magni.','1974-04-26 03:23:02'),
('35','35','35','Repellendus inventore eum illo. Ipsa nihil hic quis quidem eius.','1992-04-30 13:33:46'),
('36','36','36','Soluta est hic illo dolores quasi ab blanditiis distinctio. Quibusdam quidem quod maiores recusandae delectus in exercitationem. Amet blanditiis omnis illo dolorum. Maiores voluptas aliquam est consectetur dolorem.','1975-03-05 16:17:06'),
('37','37','37','Impedit in ut ducimus sint quos ratione inventore. Nesciunt ad temporibus rerum doloremque. Molestias aut possimus recusandae fuga.','1978-08-03 05:28:30'),
('38','38','38','Pariatur dolores dolorem sit adipisci. Quae incidunt repudiandae iste eaque. Quo accusantium adipisci quis non occaecati.','1981-10-28 10:08:08'),
('39','39','39','Qui temporibus minima ad est nisi omnis quia. Dolorum quidem magni maxime natus sequi molestiae nemo aut.','1972-03-20 01:29:37'),
('40','40','40','Dicta consequatur officia ut ut voluptatibus. Dicta totam aliquam sit sed est porro vitae. Est optio animi magni excepturi vitae doloremque odit.','1983-11-19 10:06:25'),
('41','41','41','Molestiae rem dolor dicta deleniti facere aliquid. Illo voluptas temporibus eos voluptates sunt nobis eos. Molestiae id consequatur voluptatibus provident consequatur et voluptatem. Ex est nulla quia minus eius quibusdam.','1999-09-18 08:48:55'),
('42','42','42','Blanditiis sunt est tempora. Voluptatem harum suscipit nisi aut illum.','2015-08-01 09:11:33'),
('43','43','43','Similique porro nulla non qui nisi. A alias est blanditiis dolorum. Exercitationem vitae et dolorem voluptatem sit alias tempore. Voluptatem quos eius perferendis.','1993-06-17 10:06:24'),
('44','44','44','Minima voluptatibus facilis et rerum quisquam. Excepturi ea blanditiis atque. Numquam eius vitae ducimus facere laboriosam recusandae id.','1976-05-21 11:52:23'),
('45','45','45','Qui quo omnis non quo. Veritatis aut ut voluptatum rerum.','2019-07-26 05:27:37'),
('46','46','46','Sed sed corporis rerum officia nostrum eum. In non voluptas culpa eum eligendi. Ut non in sapiente totam eum deleniti et.','1979-06-13 16:52:04'),
('47','47','47','Id omnis error repellat eius a sed. Incidunt optio consequatur ut pariatur. Est iusto possimus deserunt ullam nisi et.','1979-07-25 02:18:14'),
('48','48','48','Placeat ea enim quo accusantium tempore sint sapiente asperiores. Vitae odit asperiores voluptates et autem. Quaerat veniam ab a perferendis et.','1977-08-14 05:02:29'),
('49','49','49','Aut quia sit aspernatur voluptatum cupiditate modi. Et maxime consectetur error est dolorem ut magni incidunt. Cupiditate ex rerum illo alias ut atque. Est dolorem eaque ut ut. Nesciunt occaecati autem et dolore.','1994-02-28 19:52:03'),
('50','50','50','Eos sapiente blanditiis est laudantium. Velit quae nihil et et molestiae blanditiis esse. Aspernatur molestiae officiis sapiente voluptas. Aperiam molestiae omnis qui asperiores.','1995-11-29 03:26:24'),
('51','51','51','Sunt voluptatum adipisci consequatur. Officia maxime veniam animi doloremque. Laboriosam et quia ut.','1973-07-16 00:12:07'),
('52','52','52','Provident et debitis excepturi aut et. Libero quam est deserunt vel qui. Harum dolores voluptatem culpa debitis dolores. Accusantium iure veritatis optio dolorem unde.','1978-05-22 23:24:34'),
('53','53','53','Qui labore sunt dicta corrupti. Earum corrupti omnis ducimus ut aspernatur est in. Perferendis ut sed expedita asperiores. Inventore modi quos mollitia et odio alias labore.','2016-02-10 08:46:45'),
('54','54','54','Eius eligendi libero unde porro ipsa nisi. Quaerat occaecati non sint voluptatem. Ut voluptates sunt distinctio voluptatem dolores. Et mollitia aut id ullam ut.','2009-07-30 12:02:05'),
('55','55','55','Inventore sequi rerum natus non soluta non nesciunt. Recusandae aut et ut quia enim commodi recusandae natus. Hic eaque reiciendis impedit sed.','1971-09-21 05:47:12'),
('56','56','56','Sit et itaque ut placeat aperiam perspiciatis ea. Reiciendis est harum laudantium a deserunt consectetur repudiandae. Architecto ab deserunt nihil veritatis. Molestiae est dolorum consequuntur ea dolore soluta accusantium. Ratione illum alias odio hic impedit cumque consectetur.','1974-06-12 01:57:53'),
('57','57','57','Quibusdam ratione mollitia voluptas mollitia cum. Non ut modi illo ea. Sunt ut eum in ut sunt. Tempora dicta non iste soluta.','2019-07-05 02:40:29'),
('58','58','58','Cumque praesentium laboriosam similique molestias inventore omnis tempore voluptatem. Eos voluptate atque dolor quis nam illo aut. Voluptas cum vero est cumque incidunt. Vero aut et aut eveniet qui rerum qui non.','1983-10-16 13:29:48'),
('59','59','59','Maiores et qui molestiae error assumenda delectus esse. Ipsum tempore culpa est. Magni eos vero eligendi dignissimos.','2018-09-09 06:21:15'),
('60','60','60','Sed doloribus possimus qui magnam ea rerum maxime cumque. Commodi quis quas quisquam qui. Hic atque aut odio magni. Ab ut repellendus dolorum similique.','2004-03-28 16:43:09'),
('61','61','61','Et officiis ut enim voluptas iure provident eaque. Sint eveniet soluta accusamus autem voluptatum maiores et. Eius explicabo iure et odio voluptas. Exercitationem deserunt tenetur laudantium similique magnam.','2008-12-22 18:46:10'),
('62','62','62','Minus provident quia rerum necessitatibus at non debitis. Ut aut suscipit eos qui asperiores aut. Repellat reiciendis occaecati voluptatum possimus nulla. Sed hic veniam blanditiis.','2004-08-16 13:19:33'),
('63','63','63','Itaque expedita repellendus eligendi sapiente fugiat a aut temporibus. Nemo sint omnis voluptatem sed rerum iure libero. Ex esse exercitationem voluptates totam velit aliquid. Possimus quis nihil tempore sunt. Numquam ut quia consequatur nihil est fugit.','2015-07-29 06:30:31'),
('64','64','64','Natus et consequatur deserunt numquam maxime eveniet. Sunt sunt quia aspernatur sunt. Totam nam maiores et velit inventore provident.','2012-12-22 00:28:57'),
('65','65','65','Tempora quaerat tempore voluptatem ex. Ducimus rerum quia sint dolores et quo et. Ut praesentium et maxime distinctio impedit magni voluptate.','1991-05-04 02:07:50'),
('66','66','66','Voluptatem ut voluptatem aperiam dignissimos et reprehenderit. Eos eveniet deleniti autem quia enim est nemo. Delectus architecto impedit velit temporibus minima architecto. Enim adipisci non et quis.','1987-02-01 20:29:09'),
('67','67','67','Quo non labore laborum ea ratione. Numquam quibusdam omnis veniam et commodi est. Aut qui dolorum aut dicta aut nihil. Quos enim eos at sint eum.','2004-10-30 18:54:38'),
('68','68','68','Aut amet esse maxime cupiditate. Quas quia eos et. Incidunt in distinctio aut quisquam. Voluptas corrupti excepturi assumenda omnis itaque nulla aspernatur. Ipsum rem nulla incidunt et.','2004-03-05 03:01:57'),
('69','69','69','Sit consequatur facere et omnis. Mollitia omnis voluptatem est architecto. Eligendi nobis voluptatem itaque voluptas culpa nemo.','1982-07-13 02:10:49'),
('70','70','70','Saepe hic et itaque odit in possimus. Numquam at rerum voluptas ipsam ut. Beatae natus et rerum cupiditate tempora.','1997-03-01 16:54:02'),
('71','71','71','Est fuga dolorem magni incidunt numquam error. Quaerat molestiae dolores omnis cupiditate perspiciatis dolor rerum. Amet autem qui neque sed quasi aut sit.','1985-04-02 13:02:47'),
('72','72','72','Facere laudantium praesentium consequuntur autem. Consequatur repellendus quam qui accusantium. Provident et natus quia quod blanditiis.','2005-11-26 18:41:12'),
('73','73','73','Repellat facere magni quos recusandae vel magni veniam. Quo in quae et. Ut illo voluptate aut iste voluptatem et quaerat.','1998-01-25 07:11:19'),
('74','74','74','Ut autem rerum sapiente dignissimos aut. Reiciendis ut ex reiciendis incidunt temporibus. Sit accusamus illum sunt dolore ex expedita aut. Fugit ut voluptas maiores iste consequuntur excepturi.','2004-07-23 09:43:58'),
('75','75','75','Rerum earum aliquam cumque. Aut quibusdam vel corrupti facilis et eum qui. Quaerat dolores aut quisquam eos quod deserunt qui. Dolor velit sapiente debitis ad perspiciatis est ipsa.','2004-08-13 15:12:04'),
('76','76','76','Optio nihil dolores vero animi cumque qui. Ipsam necessitatibus qui est. Laboriosam ex eaque ullam dolor. Tenetur illo cupiditate molestiae inventore.','2001-03-18 20:40:01'),
('77','77','77','Placeat dolorem ut maxime non omnis. Aliquid eos officia qui quod aspernatur ex autem. In delectus voluptatum et cupiditate.','1996-05-08 12:53:06'),
('78','78','78','Ea dolores sed molestiae quis. Animi nihil nisi qui vel recusandae dolore vitae. Repellendus perspiciatis autem rerum culpa rem at sunt. Magnam dolorem unde quisquam hic eum rerum rem molestias.','1972-09-01 21:30:33'),
('79','79','79','Corrupti aut sequi aut totam mollitia exercitationem. Totam voluptatem accusamus beatae ratione. Ad dolorem et quam vel aliquid.','1997-09-28 13:23:34'),
('80','80','80','Rerum ea et dolores nihil. Voluptas in quos expedita debitis velit voluptatem. Autem distinctio sed beatae accusamus.','2015-03-08 04:26:19'),
('81','81','81','Rerum quo est omnis enim. Minus aliquam eos error. Fuga enim et atque nisi nemo quisquam iure doloremque.','1975-12-21 12:23:10'),
('82','82','82','Omnis labore totam culpa occaecati aut laudantium vel. Molestiae sunt perferendis facilis veritatis voluptatem facere aut est. Impedit dolor alias reprehenderit asperiores ut nam quod sit. Ut et possimus repudiandae.','1984-07-13 08:25:32'),
('83','83','83','Dolorum aut repudiandae voluptatem saepe. Expedita itaque rerum tenetur et repellat eum enim. Adipisci vel labore nostrum et magnam dolorem explicabo. Reprehenderit et in quam pariatur quo sed eos exercitationem.','2019-10-14 22:56:03'),
('84','84','84','Eveniet laborum nisi accusantium enim. Cupiditate sed aut iure rerum ullam architecto. Molestiae tenetur placeat voluptates recusandae voluptas ut.','2014-07-29 21:57:35'),
('85','85','85','Voluptas ut occaecati deserunt eaque omnis dicta odit. Consequatur quia assumenda optio officia. Labore aut est illum qui non esse dolor. Ut voluptatem et quis non beatae.','2018-09-24 21:15:50'),
('86','86','86','Beatae sint quis eos sint deserunt. Enim ad vero velit pariatur qui dolorum. Pariatur sit dolor ea cum velit minima qui. Ad modi odit molestiae ea numquam animi dolores praesentium.','2002-06-06 00:42:02'),
('87','87','87','Molestias qui ea aut modi. Quo voluptatem quam est odit ea. Reprehenderit exercitationem nemo non voluptatem reprehenderit sed animi.','2002-03-14 18:19:23'),
('88','88','88','Aspernatur sint amet vitae vitae culpa odit nam. Sint aspernatur illum ut quisquam suscipit culpa. Recusandae officia dolor minus et. Quia odio inventore eius qui distinctio. Ducimus nulla pariatur minus nostrum.','2012-10-09 05:54:43'),
('89','89','89','Molestiae non quis maxime deleniti qui error. Vel aut quia in qui. Placeat quasi porro distinctio. Voluptas reprehenderit ut dolor placeat qui. Quae ratione nulla et quos facere voluptatum velit.','2011-12-26 22:28:00'),
('90','90','90','Reiciendis molestias dolores error eaque dolore. Sunt tempora non eaque vero odit itaque labore. Autem molestiae vel alias iure officiis eum aliquam explicabo.','2013-09-16 04:48:59'),
('91','91','91','Ullam quae magni aut. Quo sit laudantium accusamus molestias voluptatibus et. Quia voluptatibus nostrum exercitationem facere nemo sunt vitae.','1991-05-05 03:01:06'),
('92','92','92','Optio accusamus totam vel facere vel fugiat qui quam. Pariatur autem doloribus et delectus eveniet illum. Corporis sunt nulla itaque dolore.','2011-04-02 01:55:13'),
('93','93','93','Nemo laborum quia ut amet. Voluptatibus ut fuga dolore ullam ea. Doloremque quibusdam omnis ut iusto est dolor.','1977-05-03 04:18:12'),
('94','94','94','Corrupti suscipit omnis consectetur et rem asperiores. Sed velit quas impedit quo quia rerum laudantium.','2006-02-19 15:49:16'),
('95','95','95','Occaecati aut exercitationem similique hic. Odio voluptas omnis assumenda quidem deleniti est. Nobis quia dolores ut cum. Vel voluptates corporis quis aut ad.','1972-07-22 15:20:11'),
('96','96','96','Quas quod modi quae animi accusamus rerum repellat. Quod id dignissimos quis sequi illum quia. Qui vel quia molestiae sint dicta et debitis. Nisi ea voluptatem necessitatibus aut delectus debitis adipisci cupiditate.','2007-08-14 09:09:22'),
('97','97','97','Beatae similique rerum quis quaerat. Aliquam aut aliquam rerum officiis. Voluptatum asperiores natus aut.','1973-10-21 17:48:16'),
('98','98','98','Facilis enim qui dolor quo itaque explicabo saepe excepturi. Sed sit nobis et ut pariatur reiciendis. Debitis molestiae non consectetur.','1998-03-21 14:02:07'),
('99','99','99','Recusandae laborum blanditiis vel ab blanditiis praesentium esse. Incidunt voluptatem blanditiis qui dolores itaque. Necessitatibus similique voluptatem sint necessitatibus voluptatem.','2008-03-19 21:01:30'),
('100','100','100','Et qui dolores rerum sunt earum magnam. Voluptatibus itaque iste tenetur dolorem nihil. Alias corrupti dolorem molestiae et.','1975-10-05 01:24:26'),
('101','1','1','Rem unde qui voluptas culpa libero. Ea aut laudantium cum aut et iusto earum. Eaque est voluptas vero ducimus optio modi.','1975-03-01 21:27:01'),
('102','2','2','Dignissimos est laborum eum tenetur vitae commodi veniam. Hic odit nisi est qui velit. Aliquam et animi sint amet consectetur accusantium. Quaerat et ipsam libero aperiam asperiores minus minus.','1980-03-04 16:13:46'),
('103','3','3','Magni sequi vitae dolor voluptatem nulla fugit. Aspernatur deserunt id sed voluptatum adipisci maxime. Minus temporibus consequatur corrupti vero molestiae est ut. Dolorem necessitatibus aspernatur asperiores reiciendis.','1988-02-05 20:12:18'),
('104','4','4','Exercitationem in fuga neque minima nostrum suscipit nam. Quasi tenetur quaerat sit adipisci. Deleniti nesciunt in qui saepe id possimus.','1995-01-25 07:07:24'),
('105','5','5','Est reiciendis placeat fugiat id et omnis ullam. Neque cum accusantium ea tempore sapiente et error. Voluptates omnis consequuntur dolores nihil. Iure distinctio reprehenderit impedit fugiat id.','2008-09-18 17:36:01'),
('106','6','6','Corrupti dolores non cum odio. Quia voluptatibus rem dolor incidunt. Provident asperiores ut cum non dolores veniam adipisci. Ipsam labore nam similique tempore quia ab a. Nobis et neque repellendus sed.','2009-01-15 21:19:52'),
('107','7','7','Est sit est omnis rem aut labore. Voluptas rerum placeat aut qui. Consequatur iste deserunt cumque qui est dolorum. Excepturi mollitia sunt molestias molestias itaque non.','1993-10-26 09:48:21'),
('108','8','8','Totam optio voluptatem veritatis sit voluptate. Optio ea hic qui quis consequatur. Ab et dignissimos cumque quo aut harum.','1997-12-08 01:51:04'),
('109','9','9','Architecto delectus sunt voluptatum nihil repellendus quas. Autem quidem accusantium aut. Necessitatibus voluptas tenetur sapiente consequatur ipsa ducimus modi. Quisquam voluptatum veniam ratione molestiae adipisci et.','1973-07-11 02:08:59'),
('110','10','10','Eaque ipsam rerum aliquam. Eum dolores magnam consectetur delectus odio fuga ex dicta. Voluptatem nobis cumque ab sed et repellat.','1984-03-24 20:48:50'),
('111','11','11','Magni modi ipsa eaque et et nihil. Praesentium quas voluptatum eveniet iste ea impedit molestiae. Doloremque consequatur ut iure quam deleniti magnam qui. Corporis expedita non quibusdam dolorem ut.','2016-10-07 10:01:53'),
('112','12','12','Iure aspernatur doloremque ab et. Assumenda nulla dolorem quos ea quaerat. Occaecati nesciunt ratione enim minus.','1980-08-07 02:18:58'),
('113','13','13','Et laboriosam qui est ipsam repellat aspernatur et. Exercitationem ut culpa quia quia rerum voluptas. Maxime iste quisquam necessitatibus iure nulla dolorum.','1973-09-16 17:34:26'),
('114','14','14','Non et odit assumenda quo temporibus ad. A qui reprehenderit sed sunt fugit. Facere illo ut suscipit aut. Nostrum earum dolor vero provident corporis quibusdam sed.','1992-05-25 05:32:12'),
('115','15','15','Ipsam molestiae ad quibusdam dolorem. Quibusdam eos ut consequatur odit perspiciatis voluptatem non. Provident est nihil sed voluptas.','1977-06-02 17:20:33'),
('116','16','16','Illo dolorem adipisci non repellat ad. Sit magni fugiat eum vel ratione necessitatibus nihil. Temporibus voluptate voluptatibus rerum quis corrupti. Facere sed voluptas deleniti consequatur.','2006-08-20 08:04:24'),
('117','17','17','Qui temporibus ullam quasi. Autem quod officia at quod ipsam sapiente delectus. Impedit maxime eius in esse ut.','1999-06-21 01:39:47'),
('118','18','18','Deserunt voluptas dolore optio quidem expedita alias ut. Nisi non ad inventore eum fugit consequatur. Praesentium voluptas voluptatem et natus facilis ipsum.','2015-03-08 18:06:29'),
('119','19','19','Quisquam quidem aspernatur totam velit. Doloremque iure sequi corrupti voluptatum sequi. Et ullam facere ipsa labore dolor.','2012-03-07 04:16:38'),
('120','20','20','Quasi deserunt fugit id. Deleniti est esse ex officia. Cupiditate atque aspernatur molestiae. Debitis voluptatibus nostrum in.','1987-12-22 18:37:47'),
('121','21','21','Quo quis libero labore tempora et a. Sed nesciunt minima fugit consectetur. Recusandae earum sequi sit.','1971-02-20 09:48:45'),
('122','22','22','Ea omnis non accusamus error nihil officia. Quod nesciunt quasi tenetur.','2001-03-16 08:26:56'),
('123','23','23','Sint quia suscipit pariatur consequatur ipsum velit. Omnis rerum et quos cum vel aut quod. Libero atque debitis veniam quibusdam neque. Non ab itaque eos velit.','1991-10-23 08:30:55'),
('124','24','24','Iste odit porro ratione ut repellat omnis dicta iure. Et amet rerum nemo deleniti ut. Animi voluptates deserunt necessitatibus. Fugit odit eum harum perferendis non et aut et.','1983-09-22 13:51:27'),
('125','25','25','Reiciendis totam consequatur eaque aut ab sapiente inventore accusantium. Culpa minima debitis fuga modi delectus.','1987-12-31 15:27:49'),
('126','26','26','Illum in doloremque aliquam sunt. Impedit perspiciatis maiores laboriosam quis. Quod dolores vero porro accusantium perferendis ut autem. Voluptatem totam alias nobis voluptates occaecati.','1991-04-11 14:54:43'),
('127','27','27','Amet expedita dicta temporibus voluptatum omnis neque odit. Ipsam rerum aut omnis. Laborum soluta sapiente voluptatum eaque enim.','1992-09-07 02:18:00'),
('128','28','28','Voluptatem laudantium illo cumque aut eligendi cum. Earum ea quia rerum dolorum. Cumque qui quibusdam ipsum doloribus voluptatem enim eveniet. Ex officiis veniam vitae explicabo rerum qui et accusamus.','2012-09-23 20:03:54'),
('129','29','29','At et sapiente dolor. Enim sed tempore qui ratione laboriosam. Quas numquam non ut et porro reiciendis assumenda ad. Aut qui quia quas qui.','1987-07-16 00:22:36'),
('130','30','30','Odio esse impedit dolorem doloremque. Blanditiis dolor eius impedit necessitatibus omnis. Repudiandae eius magni natus molestias eligendi tempora tempora.','1999-02-23 08:38:51'),
('131','31','31','Cum impedit beatae ea nihil rerum est voluptatem. Est voluptatum quo qui ut laboriosam omnis qui incidunt. Earum quam quis voluptatum excepturi. Et tempora incidunt autem libero qui non.','1991-10-04 02:38:36'),
('132','32','32','Quia aut eum sit cupiditate sed ea animi. Aperiam ratione velit id et suscipit exercitationem architecto. In et omnis ut. Voluptate possimus voluptatum nulla voluptate atque harum dolorum illo.','2003-07-20 12:19:09'),
('133','33','33','At labore omnis recusandae impedit dolor qui mollitia omnis. Amet odio sit debitis doloremque quia eius dolore ullam. Quidem qui amet veniam ipsam facilis et quibusdam. Similique dolorem consequatur et provident sit consequatur beatae.','2019-07-12 09:04:15'),
('134','34','34','Officia repellendus hic sit qui voluptatem animi. Explicabo laborum eum ex voluptatem ut cum. Sunt voluptate saepe velit ullam tenetur nulla id mollitia.','2016-04-16 12:12:21'),
('135','35','35','Mollitia ipsum molestiae nemo necessitatibus quisquam dolore. Necessitatibus velit pariatur molestiae doloremque consequatur in quisquam. Necessitatibus iure tempore neque voluptatum quisquam.','1972-03-10 06:51:23'),
('136','36','36','Animi soluta magnam non aliquid non explicabo id rerum. Quia rerum voluptas sed. Cupiditate sed dicta quo nihil sit illum iure.','2012-12-19 03:18:31'),
('137','37','37','Fugiat assumenda et ea molestias quisquam. Quia quod impedit similique sit omnis dicta dolorum. Nemo recusandae cupiditate ea iste hic doloremque. Ut blanditiis ab magni culpa aliquam fugiat.','1999-09-17 02:53:52'),
('138','38','38','Et quidem modi molestiae ducimus. Unde maxime corporis eaque quis. Ut fugiat nisi voluptas repellendus pariatur omnis temporibus rerum. In ea perferendis porro tenetur. Qui minus vel a id.','2005-07-04 21:19:55'),
('139','39','39','Inventore et harum omnis quia quidem quia. Ad earum quo aliquid id iure libero. Neque dignissimos ea nihil consectetur dolores accusantium eligendi.','1981-06-21 08:19:19'),
('140','40','40','A et illum porro ut esse ipsum deserunt. Iste et sed consequatur unde. A rerum voluptatum earum deleniti illum dolores eos.','1988-09-03 22:47:30'),
('141','41','41','Et quia et vel blanditiis dolores et temporibus asperiores. Illum harum unde libero nemo repellat in. Vero voluptas rerum quia porro possimus. Porro dolores totam optio et impedit omnis minima.','2005-05-09 20:12:19'),
('142','42','42','Hic minus dicta tempore reprehenderit nostrum itaque quia. Est quo minus porro maiores voluptatum veniam. Rerum ducimus ab cupiditate quia porro similique vitae vero.','2015-05-06 01:27:48'),
('143','43','43','Et occaecati impedit sunt nisi. Sed vero fuga doloremque officiis aspernatur laboriosam. Totam similique sunt non aut officiis ut.','1992-10-21 12:06:09'),
('144','44','44','Magnam ea aut architecto eos dolorem optio. Sit est ducimus quae. Veritatis modi quia consequatur eius et atque.','1995-08-23 08:36:56'),
('145','45','45','Est reprehenderit odio id aspernatur et et et. Quaerat deleniti aspernatur atque. Sequi quaerat officia commodi. Vitae reprehenderit aliquid voluptas veritatis animi omnis.','1978-05-17 23:05:50'),
('146','46','46','Accusantium id natus ea consectetur quae tempora consequatur. Non ut ipsa minima sit laborum totam ut. Et natus quos praesentium consequuntur sed et. Assumenda nulla ullam sunt natus ut enim corporis.','2016-07-10 18:21:34'),
('147','47','47','Repellat ut eum dolore reprehenderit. Sunt fuga odit natus quo. Assumenda placeat laudantium optio ut rem sed. Quo aut dolores aspernatur dolores ipsam et quia.','1988-08-27 04:19:31'),
('148','48','48','Minima quos soluta cum et et. Maxime corporis est ullam enim aut et voluptas. Saepe qui perferendis eaque autem ut aut. Corporis quia modi tempore provident maiores sit. Deserunt quibusdam corrupti qui nemo.','1970-12-10 11:02:16'),
('149','49','49','Et omnis quaerat eaque dicta eius sunt voluptatem. Officia alias pariatur repudiandae alias tempore fugiat aperiam. Amet non minus sint soluta esse.','1980-08-18 17:45:36'),
('150','50','50','Ut nostrum dolore quia. Aliquam neque vitae consequatur tenetur porro est porro. Explicabo nesciunt molestiae sunt ipsam voluptas dolorum.','1975-03-26 08:15:06'),
('151','51','51','Tempora qui fuga ipsum tempore veritatis omnis minima. Illum aut voluptatibus consequatur praesentium.','1973-03-29 04:31:53'),
('152','52','52','Enim perspiciatis sed voluptas ipsa dolore voluptas dolor. Voluptatibus adipisci blanditiis quibusdam assumenda. Voluptatem omnis deleniti natus unde. Facilis dolor ut vero et facere earum voluptas.','2009-03-23 22:15:28'),
('153','53','53','Libero quam pariatur nesciunt qui laborum. Ut deleniti quia sit. Ab repudiandae repellat eaque nam quos rem reiciendis. Blanditiis omnis dignissimos ut et fugiat. Tempore quasi dolorem illo quod distinctio.','2000-12-19 14:24:42'),
('154','54','54','Quos sunt a impedit quibusdam. Occaecati nihil unde quia molestiae. Qui suscipit perspiciatis omnis consectetur id deleniti.','1974-12-06 19:08:58'),
('155','55','55','Harum dolorum repellendus et dicta molestiae consequuntur sunt. Laudantium aut ut non iure voluptates. Voluptatem eos explicabo sint magni accusantium laudantium. Consequatur iusto distinctio voluptatem animi.','1971-05-06 17:21:02'),
('156','56','56','Est eveniet suscipit iste dolor repellat ex. Officia quam quia porro vel voluptas. Assumenda quo eaque voluptatem ratione eligendi veniam ea.','2008-09-29 23:12:55'),
('157','57','57','Ab distinctio libero similique corporis est dolorem rerum nemo. Delectus est est aut. Nulla et est quam ex.','1980-05-03 11:01:02'),
('158','58','58','Cupiditate itaque quidem voluptatem sunt illum. Laborum consequatur dolore quam quidem. Ut autem et quam ratione deserunt.','1977-05-31 22:51:38'),
('159','59','59','Architecto consequatur quibusdam alias. Qui doloribus molestiae ut sunt quam. Eaque perferendis repellendus sit rerum reprehenderit est. Minus qui qui porro aperiam.','1997-01-30 07:49:00'),
('160','60','60','Id consequatur quo ex laboriosam consequuntur sint aut. Minus recusandae ea officiis aut expedita. Est nisi assumenda quaerat quae molestiae ipsum. Sit necessitatibus eos animi numquam officiis eveniet. Tempora tempore explicabo consequatur.','1988-01-22 18:35:55'),
('161','61','61','Culpa voluptas quas itaque. Animi eaque fuga illo. Et sunt voluptate aut ratione reiciendis.','1997-04-26 03:48:23'),
('162','62','62','Natus laudantium vel adipisci quaerat. Quo error nemo repellendus nisi non.','2011-09-16 21:48:48'),
('163','63','63','Itaque voluptatem expedita illum voluptas. Odit fugiat ut sint sint esse facilis velit neque. Ut earum voluptatem dolor quo et eligendi.','1973-06-28 12:51:25'),
('164','64','64','Corrupti qui enim fuga in. Libero consequatur quo labore nesciunt quia voluptate et. Rerum aut id in atque. Non molestias quia veritatis itaque.','2011-12-04 19:01:50'),
('165','65','65','Non quia voluptatem doloremque quasi est consequatur sed. Dolorem quia dolorum tempore id hic. Esse ut sit dolorem ex velit minus.','2014-12-09 10:27:35'),
('166','66','66','Sed sunt neque aut. Error quisquam maiores accusamus nemo enim laborum dignissimos. Nihil numquam et assumenda odio. Numquam dolores omnis adipisci fugit distinctio nesciunt.','2011-07-14 09:45:42'),
('167','67','67','Deleniti et quos in labore animi repudiandae optio mollitia. Libero quas ut a est qui quia vitae. Qui consequatur repellendus accusamus consequatur ea ipsa. Voluptatem placeat quisquam provident pariatur quas dolorem voluptatem. Necessitatibus dolores perferendis veniam suscipit non deserunt.','2008-10-14 05:35:41'),
('168','68','68','Eos eos officia optio atque. Praesentium ea illum dolores harum optio ad. Eos placeat ad voluptatem quam exercitationem natus.','1970-12-07 14:46:37'),
('169','69','69','Voluptate quo labore quia ut. Laboriosam quod dolorem dolorum doloremque iure enim. Nisi sunt consequatur ut error. Eum et quaerat alias.','1982-12-30 02:28:00'),
('170','70','70','Id doloremque est deleniti hic aut. Dolore maxime consequatur qui tempore. Deleniti impedit ut porro possimus quasi saepe. Explicabo velit ipsam enim voluptatibus sint adipisci aut.','1980-10-01 18:11:35'),
('171','71','71','Nihil ea consequatur consequatur esse vel natus. Suscipit inventore debitis dolor velit animi quam aut quas. Tenetur nihil saepe voluptates nemo rem ea.','2013-06-29 02:14:01'),
('172','72','72','Quasi dolorem eius nesciunt natus necessitatibus voluptatibus qui. Possimus neque nihil harum dolorem esse eaque. Aut et beatae impedit alias nesciunt consequatur qui atque. Dolores ipsam illo aliquid assumenda rerum aut reprehenderit.','2012-06-12 08:56:33'),
('173','73','73','Voluptatem quo dignissimos cum distinctio quis natus sint. Vero est architecto voluptates veritatis eos voluptas. Unde dolores et officia debitis sit laudantium nihil.','2016-11-28 17:48:31'),
('174','74','74','Ipsum tenetur totam aperiam quas aut ut in. Sint velit nihil laboriosam voluptas quos. Consequatur quo veritatis neque inventore. Aperiam qui commodi nesciunt unde.','2017-09-12 19:30:44'),
('175','75','75','Eum est earum est modi numquam soluta. Maxime distinctio atque et dolores sint. Necessitatibus error corporis placeat dignissimos vel error. Consequuntur nisi quidem dolorem beatae.','2015-04-08 15:23:58'),
('176','76','76','Fugit sed dolorum dolor voluptas suscipit. Voluptatem dolorum et architecto. Nam illum sequi aut labore dolorem similique tempore.','1999-04-23 10:02:49'),
('177','77','77','Omnis qui cum architecto accusamus. Provident nobis repellat quaerat deleniti debitis nemo. Recusandae qui illo excepturi quod dolores qui fuga.','1976-01-26 08:48:14'),
('178','78','78','Deserunt architecto reiciendis exercitationem molestiae rerum. Est dolorem et non. Voluptate velit deleniti similique et. Est est consequatur ratione mollitia. Et est a assumenda.','2007-07-20 21:20:16'),
('179','79','79','Et nam rerum rerum enim voluptas dolores. Cupiditate et aut et earum aut eos odio. Et consequatur dolore quia qui et ratione non. Quasi accusantium repellendus qui similique. Occaecati suscipit animi magni esse officia labore.','1981-03-29 16:34:20'),
('180','80','80','Alias ab et voluptatem culpa incidunt ea ullam. Sed quia reprehenderit ut dignissimos eaque. Aut dolorem sint voluptatibus autem aut dolor totam.','1998-05-04 16:04:49'),
('181','81','81','Possimus dolor nesciunt aut sunt harum unde. Aut doloremque voluptatem autem unde voluptatem illum. Voluptas est dolore molestias non blanditiis perferendis.','1997-02-14 16:48:24'),
('182','82','82','Quos repellendus fugiat ut. Maiores consequuntur in qui sapiente dolore tempore pariatur libero. Hic non eius inventore.','1973-03-18 07:28:30'),
('183','83','83','Voluptates et omnis repellendus occaecati. Amet ab optio sit harum qui. Quia iure voluptas accusantium aut aut.','2009-01-15 02:52:31'),
('184','84','84','Illum sapiente omnis sit assumenda. Debitis quod est aut. Accusamus minima ut sed qui cum totam. Et itaque ipsum iste iusto voluptatum.','2019-10-23 17:43:25'),
('185','85','85','Est est ipsum ea incidunt sequi rerum rerum. Laudantium omnis molestias perferendis at.','2007-05-24 17:46:26'),
('186','86','86','Dolorem quos non totam eos consequatur praesentium nostrum. Reiciendis fugiat ut neque. Itaque et voluptatem et.','2016-06-30 07:43:14'),
('187','87','87','Voluptas facilis dolorem amet quam in odit consequuntur. In velit quaerat rerum molestias nulla est. Atque non occaecati voluptatibus quos. Quo numquam iure ut at non in ullam eius.','1987-01-19 23:43:16'),
('188','88','88','Repudiandae voluptas et quaerat deleniti explicabo itaque harum. Eligendi eos provident sit porro. Qui sapiente quam numquam sit qui fugit quis.','1985-01-06 00:29:32'),
('189','89','89','Accusamus qui et minima sint id officia et. Enim saepe quam occaecati non et pariatur.','2006-09-07 12:10:31'),
('190','90','90','Ullam quo ut at quae. Quibusdam cupiditate velit architecto cumque. Suscipit expedita ea neque eos numquam et eaque. Est eum dolor rem nemo tempore ipsum facilis.','1982-07-18 13:24:14'),
('191','91','91','Explicabo nam earum officiis qui occaecati. Voluptas itaque atque ut nobis ab et quisquam omnis.','1996-09-19 12:02:55'),
('192','92','92','Itaque omnis aliquam debitis qui nobis similique qui unde. Ut aut quia voluptas. Omnis minus aut ut nisi.','1997-10-29 22:47:28'),
('193','93','93','Sapiente nihil magnam doloremque id exercitationem. Deserunt assumenda aspernatur velit. Deserunt repudiandae labore voluptatem inventore.','1986-10-26 09:40:09'),
('194','94','94','Dolores repellat nihil autem dolorem eveniet dolorem. In fugiat sunt est omnis tenetur occaecati. Vero iusto sed magni ut eius omnis. Aliquid consequatur ratione consequatur et distinctio eum praesentium.','1997-12-25 02:15:45'),
('195','95','95','Atque sint dicta autem nihil molestias dicta corrupti. Et explicabo labore quos voluptatem culpa. Quo temporibus ea maiores est perspiciatis qui deserunt.','2000-01-09 04:53:52'),
('196','96','96','Sed alias quod ut nulla quidem dolore. Unde dolorum sit voluptatem minus quo et. Nobis consequatur qui veniam nihil in accusantium explicabo. Corporis ipsam odit enim illo et animi.','1979-05-28 17:36:13'),
('197','97','97','Quos quidem assumenda voluptatem magni laudantium. Voluptatem incidunt quia sed nihil. Excepturi soluta sit explicabo a illo eligendi. Est dolorem consectetur ratione nemo aperiam sapiente.','2012-02-01 00:42:42'),
('198','98','98','Sed aliquid sint error itaque pariatur. Nisi molestiae sapiente magnam sit consequuntur maiores quas ut. Ullam repudiandae similique ut sed. Tempore porro praesentium ab.','2000-05-27 18:34:30'),
('199','99','99','Quis eum amet eum eum officiis. Nemo necessitatibus alias qui dolorem natus. Officiis fuga facere temporibus alias. Nam deserunt sed provident inventore explicabo nobis.','2001-04-15 17:40:29'),
('200','100','100','Qui fugiat molestiae qui voluptatibus ducimus. Et molestiae ut in praesentium enim sapiente. Rerum libero minima sed.','1998-02-03 03:44:56'),
('201','1','1','Neque neque eius est adipisci. Blanditiis suscipit impedit in accusantium velit est. Et est voluptatem dolores perferendis. Aut quis aliquam aut iure. Molestiae rerum perferendis aut reiciendis officia dolorum itaque.','1982-04-05 05:54:26'),
('202','2','2','Nihil accusantium aut rerum ab. Animi amet ut nihil.','1989-02-10 12:12:35'),
('203','3','3','Esse ipsa aliquid sequi alias enim incidunt. Non et praesentium voluptatum. Aspernatur dolores dolores est. Quo atque accusamus sit omnis consectetur.','1992-11-05 14:25:22'),
('204','4','4','Molestias dolor possimus natus. Accusamus adipisci facilis debitis nihil eius sed ipsam. Sunt deserunt repellendus quia quo architecto nesciunt est.','2001-12-07 01:47:54'),
('205','5','5','Quam culpa et commodi sit. Laboriosam aut nesciunt eius laboriosam quaerat. Illum aut suscipit at voluptates aut dolorem recusandae. Saepe qui ut dolores esse fugiat aut. Vitae necessitatibus consequatur incidunt exercitationem iste.','1983-03-27 14:26:53'),
('206','6','6','Esse nobis ratione culpa et occaecati et. Impedit officiis reiciendis et autem omnis optio qui. Placeat est omnis natus distinctio unde.','1985-04-22 14:08:16'),
('207','7','7','Perferendis veniam voluptatem non dignissimos esse saepe explicabo. Dolor velit ullam dolor. Recusandae doloribus ea aliquam ut deserunt totam. Rerum dolores totam est pariatur beatae. Atque laudantium sed veniam iure recusandae occaecati.','2018-08-07 04:57:26'),
('208','8','8','Autem fuga molestias saepe voluptas dolores. Neque qui explicabo sit et. Quis eos magni enim quaerat.','2006-07-01 18:41:33'),
('209','9','9','Doloribus est sed qui maxime a. Necessitatibus temporibus non blanditiis maiores dolor minima iste. Soluta doloremque atque ut in.','2006-01-14 23:04:47'),
('210','10','10','Alias minima et sint et consequatur voluptas assumenda aut. Quasi totam rem esse alias sit eum. Maxime excepturi voluptates error. Quia dolorum saepe et aut.','2009-01-31 05:19:00'),
('211','11','11','Et voluptatem adipisci modi rem. Impedit nihil vel asperiores qui dolore id. Quidem eius officiis ut aut fugit nesciunt. Aut quisquam omnis officiis sed nesciunt iste.','1998-11-07 18:16:05'),
('212','12','12','Quas exercitationem ut molestiae. Delectus et voluptatem occaecati sed aut voluptas. Nihil dolores cum accusamus quo eum facere sed.','2009-09-17 05:30:20'),
('213','13','13','Quam soluta asperiores sit est. Atque delectus eum commodi. Excepturi illo laborum sunt autem amet velit ratione. Doloribus quibusdam beatae vel nisi alias consequatur. Aliquid eum fuga culpa est.','1972-12-31 08:07:24'),
('214','14','14','Eum quis voluptatem qui pariatur ut necessitatibus ipsa. Consectetur vel sit hic sint harum repudiandae ut. Dolores ea suscipit quisquam voluptatibus.','2002-03-06 06:46:45'),
('215','15','15','Omnis quia molestiae vitae. Autem vel voluptas sequi fugit.','1980-09-28 19:08:53'),
('216','16','16','Aliquam qui autem eius et molestias accusamus. Ut maxime libero error repudiandae nobis adipisci. Libero voluptates et ut distinctio. Maiores cumque ea corrupti quia ratione.','1982-08-02 21:52:42'),
('217','17','17','Nostrum et ut accusantium rerum sit sint. Est soluta aliquam accusantium et dicta eos. Inventore doloribus aliquid quasi ad quo ut repellat. Illum dolores soluta optio. Libero eaque et fugiat soluta quos.','2003-08-01 22:48:14'),
('218','18','18','Perspiciatis facilis at repellat provident sint minus minima. Et voluptatem nihil quia laboriosam ut sit deleniti. Cupiditate dignissimos debitis aperiam amet recusandae repellat. Voluptatem et nostrum consequuntur repudiandae autem omnis.','1989-01-26 22:13:51'),
('219','19','19','Dicta qui dolorem et ipsam laborum. Rem molestias rerum quod qui voluptatem.','1987-01-05 01:34:54'),
('220','20','20','Facilis dolorem iure assumenda iste quaerat incidunt. Eum consequuntur sapiente dolorem mollitia ullam aut possimus incidunt. A ut ut animi ipsam id.','2008-05-03 12:38:49'),
('221','21','21','Quaerat laboriosam et optio ipsum quae dicta deserunt repudiandae. Et ab quae expedita ut et ut unde.','1995-12-18 01:07:37'),
('222','22','22','Rem sed at qui earum sapiente officiis. Numquam et et adipisci eum. Voluptas eum eos perferendis deleniti nulla a nulla.','1974-01-24 07:12:12'),
('223','23','23','Quae est doloremque maxime reiciendis. Repudiandae aut consequatur est animi dicta voluptatem ea. Ut dolor perferendis tempore delectus qui quae.','2003-07-31 13:26:28'),
('224','24','24','Quod voluptas accusamus ut sint consequuntur numquam. Autem eaque magnam minus repudiandae omnis non. Voluptatem doloribus quia quasi porro et. Magnam sunt hic repellendus suscipit. Placeat aut ullam et praesentium.','1982-04-07 00:25:37'),
('225','25','25','Iure quibusdam quam praesentium ea. Fugiat qui itaque inventore. Sit beatae quas rem minima sed minima. Tenetur impedit incidunt in velit iusto perspiciatis.','1972-10-27 04:04:39'),
('226','26','26','Eveniet consequuntur qui fugit ad sapiente itaque ut aliquid. Fugiat vel sint animi deserunt ipsum sapiente soluta repellat.','2009-07-07 06:26:13'),
('227','27','27','Adipisci et vero quisquam laborum in laborum adipisci earum. Cum eligendi nulla consequatur minima. Aperiam ipsum dolorum consequuntur dolore. Expedita et ipsa accusamus qui ea et similique aut.','1983-06-25 01:07:10'),
('228','28','28','Eius iusto dolorem et incidunt officiis cum fugiat nihil. Ipsa repellat tempore et. Sapiente tenetur ipsa accusantium sit.','1990-10-02 21:37:49'),
('229','29','29','Voluptatem sit vero labore optio. Sunt quia molestiae quasi minima accusamus vel. Sit explicabo illo cupiditate.','2013-09-12 04:27:28'),
('230','30','30','Voluptas eos ea error incidunt. Dolorem et quod neque accusantium quam sed. Velit quaerat culpa quis.','1973-05-07 10:39:45'),
('231','31','31','Vel et vel sit. Quia laboriosam nisi nulla ut cumque vitae. Amet magni corporis quisquam aliquam sit. Error quis ut est dolorum perspiciatis.','2014-01-02 15:09:19'),
('232','32','32','Et consectetur voluptatem doloremque ratione. Porro quia veritatis qui. Tenetur omnis quia quis dolor ut illo.','1979-08-30 18:55:30'),
('233','33','33','Rerum exercitationem labore repellendus quia facere totam. Qui veritatis sed eum rerum perspiciatis et magni ea. Voluptatibus asperiores et consequatur aut praesentium facere sit.','2013-08-15 11:34:10'),
('234','34','34','Nostrum est itaque quo officiis. Voluptates quia animi ipsam doloribus debitis dolores. Quis autem voluptates alias inventore quis omnis adipisci. Inventore et unde necessitatibus laudantium. Ipsam non dolorem tempore quia est odit nisi est.','2013-09-15 12:22:09'),
('235','35','35','Consequatur dolore voluptas deleniti quia ducimus et voluptas eaque. Exercitationem consequuntur iure libero quia velit. In et vitae mollitia et et vitae. Voluptatem sed rem necessitatibus cum natus quaerat odit. A non quos voluptas odio amet odit.','1989-10-02 10:24:20'),
('236','36','36','Et accusamus qui inventore libero. Corrupti fugiat rerum velit porro. Inventore non aut odio expedita consequuntur aut. Qui voluptatem et autem qui deserunt ut aut.','2002-10-08 13:33:55'),
('237','37','37','Consequuntur laudantium eum aliquid neque. Delectus soluta vel porro. Mollitia provident deleniti omnis quia tempora. Praesentium eum deleniti omnis dolor est. Consequatur repudiandae quia illum saepe odit suscipit.','1970-07-23 09:53:43'),
('238','38','38','Sapiente tempora qui ratione ut eos voluptatibus necessitatibus. Ut molestias qui quidem. Esse sit in corrupti. Eum consectetur debitis nobis sit.','2012-06-14 20:43:08'),
('239','39','39','Quia vel non est voluptatem. Voluptatem est blanditiis officia animi. Aut fugit qui sit ad.','2007-05-08 19:39:17'),
('240','40','40','Libero iusto quod nulla veniam aliquam. Hic blanditiis qui sequi rerum eveniet vero inventore. Quas quia aspernatur dolorem sed dignissimos dolorem.','2005-12-05 14:24:23'),
('241','41','41','Est asperiores consequatur non esse sit rem. Odio consequatur odio qui sapiente vitae voluptas. Eligendi vitae molestiae voluptatem voluptas perspiciatis voluptatem.','1983-04-07 09:12:45'),
('242','42','42','Quasi vero libero cum impedit. Dolor dolorem suscipit quod omnis et doloremque optio. Quo assumenda maiores distinctio dolore omnis alias itaque. Accusamus sequi sed impedit consequatur omnis sit.','1971-08-21 13:31:15'),
('243','43','43','Sit aut fugiat sit sit. Qui sequi dolore sed illum. Consequatur aut sed ipsum nisi dolorem corporis accusantium.','1972-04-20 16:51:00'),
('244','44','44','Autem sint qui consequatur. Eaque commodi voluptatem rem beatae aperiam quos dolores. Voluptatem quibusdam cupiditate perferendis eaque eos illum aliquid. Quia voluptatum quaerat quod expedita.','2017-11-09 06:42:28'),
('245','45','45','Quis aliquam et quos est quia mollitia nostrum. A porro optio tempore quia porro vel possimus. Facilis iste eligendi voluptatem doloremque iure magnam deleniti rerum. Neque quas qui laboriosam tempora aperiam quo quasi.','1987-03-18 23:00:46'),
('246','46','46','Eos tenetur reiciendis aut vero et exercitationem. Impedit deleniti inventore numquam et est aliquid ratione.','1994-05-25 23:54:20'),
('247','47','47','Placeat repellendus cumque repellat qui tempore incidunt nostrum. Vel ducimus necessitatibus consequatur est a. Voluptate optio aut et sint.','1989-11-11 06:56:28'),
('248','48','48','Assumenda suscipit itaque quae minus qui nihil voluptatem animi. Labore vitae sapiente voluptas praesentium. Quod ut repellat accusamus minus soluta in sit. Dolores non non consequatur quia fugiat nemo.','1988-08-02 20:30:51'),
('249','49','49','Est ut commodi nobis fuga est. Aliquam nemo sint sint nihil est ducimus. Officiis quia ducimus natus vel. Numquam vel eaque est.','1975-04-21 03:29:27'),
('250','50','50','Consequuntur accusamus ipsam ad consequuntur nobis nisi. Recusandae quis sit dolorem nihil quos et. Aut quos sequi repellendus ex amet modi ducimus culpa. Sed ut magnam ex totam distinctio. Architecto quisquam et tenetur reiciendis sed et id quisquam.','2012-02-23 12:34:43'),
('251','51','51','Reprehenderit ut nostrum commodi nam itaque. Quibusdam ipsum aliquid hic possimus sint. Voluptatum inventore tempore exercitationem labore alias voluptatem voluptatum.','1996-02-15 10:07:26'),
('252','52','52','Unde sint similique mollitia distinctio. Earum eos voluptates ut facilis recusandae. Dolorem quo eos amet quae qui nihil accusamus.','1988-10-18 22:24:55'),
('253','53','53','Qui culpa consequatur vitae et magni quo doloremque neque. Qui quo ut expedita. Dolorum esse expedita quia aut ea. Quam blanditiis et quo alias.','1976-11-24 02:27:59'),
('254','54','54','Provident ratione facilis provident qui. Illum sunt minus eos dolores corporis repudiandae qui facere. Asperiores doloribus quidem neque est facilis nostrum inventore.','1988-09-25 09:08:19'),
('255','55','55','Est alias nemo consectetur consequuntur. Ad non culpa aperiam eum repudiandae quia. Eos explicabo eaque labore repudiandae.','2001-06-22 21:59:14'),
('256','56','56','Doloribus illo ut ut dolorum. Et odit aut consequatur. Ipsam et magni molestiae amet maiores. Eaque cumque quod nisi.','1990-09-02 13:02:28'),
('257','57','57','Aut ut veniam quo. Explicabo vel totam incidunt maiores enim.','1994-10-31 13:23:01'),
('258','58','58','Id dolores dolor excepturi sit possimus quibusdam. Facere officia debitis ea. Dolores soluta ab et quo recusandae.','2008-06-22 07:53:12'),
('259','59','59','Error nobis voluptate nesciunt sequi beatae distinctio. Maxime impedit aut laborum facilis voluptatibus assumenda nam. Eos sequi eos sint quae alias quasi alias. Inventore explicabo a sit et distinctio odio.','2005-08-15 13:47:16'),
('260','60','60','Debitis consequuntur tenetur dolorem deleniti. Ut optio deserunt rerum ullam non in ducimus. Sed voluptas non nihil autem unde. Quam similique sit sint dolorum.','1984-02-02 22:14:55'),
('261','61','61','Sed autem soluta porro a non voluptas nemo. Dolores fugit ut voluptatem harum molestias dolor. Et qui dolores architecto facilis.','2018-05-08 18:19:08'),
('262','62','62','Molestiae inventore accusamus veniam itaque. Voluptas expedita cumque quaerat minima. Sapiente quo quae natus est molestiae qui non. Voluptates pariatur esse praesentium aut unde.','1979-08-26 20:33:38'),
('263','63','63','Tempore sunt recusandae accusantium iste molestiae consequatur iusto. Corrupti dignissimos quas hic quo. Et adipisci incidunt voluptatibus odio tempore. Minima quos saepe aut blanditiis ut dolorem sunt.','2015-07-04 17:36:06'),
('264','64','64','Vitae officiis minima impedit et illo nobis. Ex perspiciatis ea id qui aut ipsa.','2012-07-25 00:28:51'),
('265','65','65','Voluptas sit occaecati blanditiis ea nihil. Minus hic velit fugit rerum quasi est et.','2002-05-20 10:47:21'),
('266','66','66','Sed consequatur quia quia et. Animi omnis eius quidem excepturi deserunt.','2018-06-17 15:49:22'),
('267','67','67','Amet eos ratione dolorem eius natus nisi non. Adipisci reiciendis libero id et nemo aperiam. Commodi ullam ab eius minima neque. Veniam maxime neque voluptatem aut exercitationem.','1993-01-08 23:23:01'),
('268','68','68','Quae amet ut officiis consequatur. Deserunt officiis sit aut molestias.','1972-07-05 15:43:05'),
('269','69','69','Velit soluta ab ipsam id aliquam saepe numquam sint. Quos voluptates optio autem repellat iure est dolorem rem. Qui quia corporis hic numquam debitis.','2019-12-16 14:27:44'),
('270','70','70','Aut soluta minus nulla tempora autem optio ad. Sed repellat quae soluta.','1973-07-15 02:50:41'),
('271','71','71','Voluptatem ratione ut omnis sit. Voluptatem explicabo quae autem ex laudantium animi necessitatibus. Voluptas a eveniet ut numquam aperiam molestiae et libero.','2013-12-31 19:42:19'),
('272','72','72','Nobis dolore est ea et ut. Quis laborum ab consequatur rerum nihil aliquam. Ad cum fuga fugiat corrupti sapiente quasi.','1989-02-25 14:09:32'),
('273','73','73','Iusto eum consequatur qui. Et sequi at nam asperiores pariatur. Quod in est aut. Neque saepe veritatis dicta quis.','1993-06-16 09:17:33'),
('274','74','74','Magnam possimus asperiores deleniti hic amet aut ipsam quos. Laborum voluptatum et totam unde ut magnam quia debitis. Fugiat voluptas nobis tempora iusto voluptatum. Aut eius est voluptatem voluptas ab quia delectus.','2012-06-27 07:18:08'),
('275','75','75','Omnis dicta praesentium ut sed nisi modi. Labore officia doloribus consequatur reprehenderit deserunt doloribus dicta. Consequatur mollitia numquam nam et.','1988-07-28 00:01:14'),
('276','76','76','Incidunt autem error nam numquam ut. Aspernatur nisi quia dolores distinctio sunt quia id. Et tempora cumque incidunt. Enim unde tenetur qui quia culpa voluptate minus.','1981-10-17 09:33:27'),
('277','77','77','Est delectus ipsa in reprehenderit minus autem. Harum harum et molestiae recusandae omnis soluta est.','1973-12-05 12:19:26'),
('278','78','78','Et voluptatibus itaque sit hic est. Et quasi tempore ipsa necessitatibus veritatis voluptatem. Rerum aut error est cumque ut dolorem delectus. Incidunt ut quidem ea accusamus.','1976-09-10 12:05:54'),
('279','79','79','Tenetur et similique nihil. Magnam itaque vel ullam alias aperiam eius eius temporibus. Quis dolorem eos rerum iusto. Quae aspernatur in dolor voluptatum.','1987-04-14 09:11:37'),
('280','80','80','Odio dolorum distinctio et facilis nulla. Dolorem quasi molestias sint excepturi quae. Porro velit voluptate et minus non ut in. Neque dolor consequatur amet ducimus voluptatibus voluptatibus nobis perspiciatis.','2011-07-24 10:28:57'),
('281','81','81','Eos architecto cum inventore corrupti. Maiores doloremque eveniet expedita et assumenda. Nam quas accusamus beatae et autem atque accusantium. Eveniet nostrum et voluptas consequatur eius distinctio velit natus.','2018-04-18 15:42:10'),
('282','82','82','Occaecati aut dicta quo cupiditate odit perferendis. Fuga non natus omnis et et quaerat delectus suscipit. Eius dolore accusamus qui. Accusantium non voluptatibus dolores provident.','2008-12-20 11:50:53'),
('283','83','83','Consequatur odit dolore provident et nihil iusto cupiditate. Iure non aliquam omnis. Expedita architecto quisquam ipsa doloremque.','1972-09-10 20:07:19'),
('284','84','84','Quia assumenda quas reiciendis quam est. Assumenda et cumque eaque excepturi culpa aliquid voluptas. Omnis voluptas molestias repellat doloremque sunt mollitia.','1974-03-04 02:38:44'),
('285','85','85','Sit ut voluptatem esse. Ut illum cumque a veritatis voluptate. Et facilis placeat amet adipisci doloribus ut delectus. Excepturi qui reprehenderit ea sed earum illum. Sed nesciunt provident tempore architecto fugit ut sit.','1979-12-02 19:33:44'),
('286','86','86','Exercitationem optio magnam dolor. Qui numquam voluptas libero aliquam minus facere. Reiciendis assumenda beatae dicta sit.','2011-11-09 23:27:11'),
('287','87','87','Voluptas deleniti voluptatibus voluptatum corporis. Quibusdam qui atque deleniti explicabo numquam. Ut voluptatem illum mollitia.','1985-08-21 12:52:42'),
('288','88','88','Ea dolorum dolorem asperiores soluta natus eos et. Possimus est molestiae quo provident eaque nobis magni. Sit saepe doloribus dolores aliquid voluptate. Numquam maiores aut modi necessitatibus autem rerum omnis.','2015-04-16 14:00:57'),
('289','89','89','Neque nam error repudiandae et consequatur molestiae. Soluta ipsa fugit placeat doloribus consequatur enim harum. Qui porro adipisci laboriosam qui autem expedita atque. Officiis sunt libero architecto molestiae et qui est.','2012-07-19 04:53:22'),
('290','90','90','Praesentium sit voluptate modi corrupti aperiam. Quis non nihil aut quis. Est qui saepe natus aut voluptatibus voluptatem iusto. Consequatur voluptate quaerat suscipit reiciendis atque ut.','1977-07-01 03:02:43'),
('291','91','91','Soluta nihil adipisci voluptatibus enim repudiandae tempore quasi explicabo. Totam aut modi recusandae dolorem totam. Eum tenetur in ex provident. Perferendis ea atque excepturi unde rem omnis placeat rerum.','1985-04-14 20:08:39'),
('292','92','92','Aut veniam dolorem unde dolores eaque ut ut. Quia laudantium quasi dolor. Blanditiis debitis quidem doloribus voluptas ut ut ut.','1991-07-06 17:09:13'),
('293','93','93','Dolores qui molestiae saepe qui in odio. Ea repudiandae qui hic in sed.','2006-05-23 13:16:09'),
('294','94','94','Id minus voluptatem tenetur dolorem velit aut hic. Ipsa perspiciatis sed ea. Eligendi saepe dolor at nam culpa et dolore. Mollitia aut omnis quis assumenda.','1999-04-12 16:09:28'),
('295','95','95','Maxime ut autem porro in corrupti. Neque magni ipsum at. Debitis fugiat quia labore dolorem incidunt. Voluptatem atque ratione itaque et perferendis nam.','2003-05-31 16:56:52'),
('296','96','96','Qui pariatur doloribus cumque recusandae eos sit hic. Sit qui dolor aut qui ullam sunt magnam. Tempore rerum fugiat fugiat ea dicta consequatur.','2009-12-08 11:54:55'),
('297','97','97','Magnam explicabo maiores aut eaque quo quidem. Quia iure incidunt dolores aut dolorum quo est. Saepe exercitationem ex deleniti facere. Sunt eligendi sed dolorem ipsum rerum cumque omnis.','1977-10-18 03:24:56'),
('298','98','98','Aliquam quo animi dolorem rem. Est labore est qui in magni eveniet. Nulla illo aut rerum. Qui fugit odit atque voluptas ex eum.','1996-03-30 22:33:17'),
('299','99','99','Sed ut nam sed non quos laboriosam inventore. Perferendis rerum est non aliquam ut quo. Culpa in temporibus nisi omnis facere unde neque. Ab placeat et qui molestiae distinctio maiores.','2019-10-21 05:50:51'),
('300','100','100','Quia voluptatibus velit rem qui. Corrupti officia voluptatem eaque nemo. Iste dolor saepe eius. Minima id rerum explicabo enim. Quia quaerat hic praesentium eveniet pariatur dolore.','2001-09-23 15:39:26'),
('301','1','1','Consequatur minima molestiae quibusdam et et. Vitae quaerat inventore eaque omnis ut molestias nisi non.','1998-03-29 22:51:16'),
('302','2','2','Et architecto corporis velit quos animi illo aperiam. Ratione sint autem iusto aperiam. Ut nihil quaerat natus quidem aut.','2010-03-17 01:51:49'),
('303','3','3','Ea placeat est ut voluptatibus molestiae a non. Veritatis minus cupiditate consequatur quam aut. Quis veritatis vel tempore.','1971-02-23 17:46:41'),
('304','4','4','Ipsa nihil nemo voluptatibus numquam. Architecto ullam nihil quia voluptatibus vel. Quia ipsa qui cumque quidem laboriosam suscipit fugit.','2011-11-19 18:22:35'),
('305','5','5','Dolores qui eos alias repudiandae alias eos ullam. Architecto excepturi eaque possimus aut debitis. Voluptatem aut dolores deleniti.','1984-06-29 02:58:58'),
('306','6','6','Corrupti quo expedita aut aut officiis. Ut rerum rerum cupiditate et magni aliquam dolore. Animi temporibus placeat consectetur consectetur rerum.','1993-10-31 02:30:13'),
('307','7','7','Laborum commodi excepturi a id sed voluptates enim. Quae dolorum reiciendis perspiciatis id deserunt. Laudantium libero culpa quasi et numquam accusantium atque. Itaque consequuntur quisquam dolore mollitia animi rem ipsa.','1990-09-04 11:13:37'),
('308','8','8','Dolore ut doloribus optio incidunt et blanditiis et. Molestiae reprehenderit tempora est.','1986-06-29 18:28:50'),
('309','9','9','Quo est vero sed voluptates et expedita. Placeat amet accusantium sapiente vel aut. Aut suscipit aut optio.','1989-01-25 07:50:14'),
('310','10','10','Labore velit eveniet ipsa eaque nobis dolorum ea. Et distinctio natus ex aliquam autem. Eos sit iusto aut odit qui debitis qui.','1993-11-07 14:02:03'),
('311','11','11','Est non consectetur perferendis at dignissimos. Soluta tenetur qui praesentium error. Voluptas maiores et quis molestiae.','2010-07-01 01:16:23'),
('312','12','12','Veniam similique quibusdam quia odio. Quia et eius animi est. Laborum asperiores sequi odit ea et. Eaque ab iste voluptatem inventore explicabo quas.','2016-03-19 15:16:15'),
('313','13','13','Numquam dicta voluptatum in. Quidem voluptatem minima rerum. Aperiam quidem totam ea adipisci illo maiores.','2010-05-22 18:13:44'),
('314','14','14','Vero maiores aut sit maxime. Sed facere et ab velit. At vel rerum veniam.','1992-09-12 21:44:36'),
('315','15','15','Expedita commodi vel ea. Sed dignissimos quia nemo odio qui doloribus illo. Quo velit quasi quis corporis dolores vel. Repellendus enim nihil excepturi iusto dignissimos.','2001-03-20 19:10:34'),
('316','16','16','Ut et consectetur perspiciatis. Id tempora fugit deserunt illo. Quia voluptatem eveniet repellendus nostrum sit ab est ea. Dicta laborum nihil earum fugit consequatur assumenda ea. Rerum sed voluptatem officia omnis.','2012-02-26 21:11:01'),
('317','17','17','In ut et delectus recusandae et et. Eius aliquam totam et similique vero. Hic voluptas necessitatibus dolorum. Dolore est voluptatum voluptatibus quos tempore maiores deserunt.','1999-11-30 09:07:45'),
('318','18','18','Ut ad et odit voluptas deserunt sunt. Quia eum deserunt incidunt ut dolorem. Et est velit fugiat.','1983-08-31 18:36:25'),
('319','19','19','Modi et commodi libero veritatis. Numquam rerum qui magni. Id quam rerum in similique.','1998-01-25 16:52:40'),
('320','20','20','Ea quia porro repellendus dolores hic aut. Soluta voluptatem optio possimus qui rerum quisquam non. Maxime sed optio qui. Facere pariatur tempore vero voluptatem voluptatem voluptatem autem.','1995-02-25 01:14:54'),
('321','21','21','Iste harum laudantium nobis sapiente quis. Mollitia est illo ut suscipit. Est nesciunt totam nisi laboriosam.','1990-08-10 08:18:36'),
('322','22','22','Rerum labore voluptas dolorem aut ea delectus consequuntur minus. Maiores voluptas qui fugiat rem itaque blanditiis. Voluptate harum iste nobis.','1979-07-15 21:11:58'),
('323','23','23','Et laborum dicta facere. Quis fugiat deserunt porro ut minima quaerat adipisci dicta. Nobis consequuntur et sit nesciunt. Quidem debitis magni commodi vitae delectus.','1983-09-16 19:48:09'),
('324','24','24','Maiores doloremque consequuntur quo nihil nobis voluptatum et. Ad quo omnis est possimus debitis doloribus rerum ullam. Aut omnis doloremque quia error aspernatur non.','2008-06-19 14:49:40'),
('325','25','25','Debitis iste incidunt pariatur explicabo consequatur eius. Soluta eum pariatur non id. Velit pariatur sunt voluptas qui aut est ipsum vel. Neque praesentium consequuntur ea eum explicabo eius illo.','1974-09-19 23:33:37'),
('326','26','26','Consequatur nemo sit beatae dolores quia consequatur ut. Nesciunt consequatur quaerat qui sed earum placeat quo. Voluptatem similique provident aut ipsam libero dolorum.','1989-05-05 22:12:22'),
('327','27','27','Blanditiis ipsum ea doloribus asperiores velit quia. Consequatur sed et earum. Cum nostrum voluptas neque adipisci illo sint. At amet ab ab est deleniti. Nemo officiis aut id quaerat vitae officiis.','1981-03-29 16:52:29'),
('328','28','28','Libero sequi aliquam et sit exercitationem id et eligendi. Id quia nihil nulla molestiae quibusdam. Ipsam dolorem incidunt sunt.','2002-09-30 15:05:55'),
('329','29','29','Non vero molestiae rerum dolore omnis. Sed sed culpa dolore occaecati sed. Iure fuga perferendis qui quos.','1981-09-21 15:55:26'),
('330','30','30','Porro blanditiis rem vero voluptas qui illo dolores. Est et saepe hic pariatur molestias qui. Non atque unde consequatur necessitatibus architecto autem.','1987-06-13 09:05:14'),
('331','31','31','Voluptatem tenetur deserunt saepe magnam molestias libero rerum. Qui ut quia dignissimos quia in. Officia nemo ut et enim. Adipisci nam similique aut culpa. Sit earum accusamus voluptatem autem rem aut quibusdam.','1997-08-02 05:49:12'),
('332','32','32','Aut tenetur unde dolores aut. Maiores odio alias sit eaque sequi sit. Sequi beatae consequuntur ad ut accusantium. Harum sed aliquam corrupti nihil ab.','1980-03-29 21:12:56'),
('333','33','33','Eum dolor totam ea neque ut est. Sint voluptas corrupti et fuga quos aut occaecati explicabo. In sed eius aut consequatur. Ut quis architecto aspernatur reiciendis sed doloremque consequatur omnis. Aut omnis ducimus dolorem deserunt.','1997-05-17 10:04:51'),
('334','34','34','Ipsum numquam labore in provident non pariatur. Nesciunt nesciunt minima facere. Perferendis voluptas doloremque distinctio fugiat excepturi aliquid ad. Ea tempora quibusdam ut omnis qui.','2002-07-16 18:16:35'),
('335','35','35','Hic est dicta molestias. Qui quisquam eos eaque id fugiat. Eum dolorem qui corrupti dolores est numquam. Ratione aut ut minus occaecati.','2011-10-07 15:38:54'),
('336','36','36','Tempora qui rerum nisi similique tempora maiores nostrum. Id dicta earum corrupti in.','1990-06-15 16:49:55'),
('337','37','37','Qui ratione quis ut molestiae. Perspiciatis et corporis modi sit dolores. Rem aperiam sint tempore dolores ipsum. Consectetur libero repellat aspernatur voluptatum qui.','1985-12-03 00:55:57'),
('338','38','38','Commodi in repellendus quo repellat. Harum est porro nesciunt beatae est quis accusantium dolorem. Ut est fugit illum sed autem repellendus. Debitis modi cupiditate commodi dolore hic veniam. In voluptates assumenda ea in et.','2010-05-03 12:08:07'),
('339','39','39','Incidunt esse sint dolorem odit. Voluptas nisi adipisci atque impedit voluptatum similique. Voluptatem quis vel sint recusandae molestiae ut occaecati.','1990-11-03 17:11:04'),
('340','40','40','Et ipsum aperiam esse culpa. Aut suscipit neque voluptates nemo nam. Sequi dolorem maiores assumenda dolor et ducimus.','2000-10-25 22:02:58'),
('341','41','41','Et occaecati eos fuga beatae. Consectetur iusto temporibus molestiae inventore ipsam sed. Nobis et fugiat a.','1980-02-14 11:38:37'),
('342','42','42','Aut aperiam aperiam et. Impedit illo possimus autem quod est provident repudiandae. Consequatur aut occaecati temporibus voluptatem iure. Aut quam minus commodi omnis quidem.','1981-07-01 20:33:48'),
('343','43','43','Porro est fuga reiciendis. Quos dicta alias nihil tempora modi. Autem quia dolor harum quis voluptas ipsa ratione. In dignissimos numquam impedit eum at deleniti est. Quasi temporibus eum molestiae perferendis itaque quibusdam.','2000-03-16 16:00:50'),
('344','44','44','Hic dolores ut id ipsum placeat quia. Quam et impedit officiis impedit id quia eum eaque. Repellendus modi velit ea veritatis aut cumque ducimus.','2001-04-17 09:25:38'),
('345','45','45','Necessitatibus numquam hic error. Sint quia dolorem dolorum quia. Debitis consequatur quae ducimus non totam in minus.','2013-07-14 21:42:30'),
('346','46','46','Quis magni ut porro atque dicta et nostrum ullam. Repellendus sed est repellendus et ex quia. Laborum eos dolorem sit et porro vero perspiciatis ut. Repellendus quisquam blanditiis unde occaecati fugiat ratione temporibus et.','1973-09-23 20:11:10'),
('347','47','47','Veniam repellendus qui eveniet earum cupiditate est voluptate. Explicabo ut optio ullam temporibus numquam. Velit fuga adipisci voluptatem animi amet hic id. Et voluptas omnis dolorum voluptatem.','1987-09-02 10:55:18'),
('348','48','48','Ipsam sed repellendus labore impedit molestias et. Ratione harum nemo et magni accusantium aliquam. Excepturi architecto cupiditate hic officia.','1980-03-22 06:08:43'),
('349','49','49','Quos quaerat non nobis mollitia. Asperiores quisquam et quia saepe non quas. Inventore dolorem repudiandae id fugit incidunt sit.','2008-09-17 15:04:50'),
('350','50','50','Minima ducimus dolorem doloremque nam expedita. Perspiciatis quasi labore minus deleniti sit dolore et. Dolor in alias qui vel aut dolor earum magni.','2003-05-23 13:11:54'),
('351','51','51','At qui quo vero sit. Aperiam numquam amet laborum fuga aperiam. Molestiae qui consequatur quis consequatur. Non pariatur pariatur ut eos doloribus voluptatem delectus.','1976-07-07 12:00:30'),
('352','52','52','Dolores sit suscipit molestias mollitia. Illo omnis quidem ut vel. Et laborum optio aut est earum.','2003-04-14 02:32:52'),
('353','53','53','Eum repellendus quos molestias non corrupti quis a. Aut id ut veniam quas et sunt voluptas. Temporibus eaque quia nobis consectetur aut error accusantium. Optio commodi pariatur reprehenderit error molestias ullam occaecati.','1974-01-09 08:56:18'),
('354','54','54','Magnam maiores odit beatae quia qui dolores sit. Distinctio enim voluptas aliquam ipsam. Minus eius doloremque explicabo modi non.','1987-09-07 20:16:44'),
('355','55','55','Id ratione ut explicabo ex vel eos odio delectus. Sed exercitationem molestias qui vel. Amet cupiditate in laudantium quidem blanditiis accusantium fugiat. Quos repudiandae vitae dolores sit ut voluptatem voluptatem vel.','2015-07-30 10:19:33'),
('356','56','56','Voluptatibus in adipisci alias qui et reiciendis sit. Voluptas et beatae est eum consequuntur omnis. Aut repudiandae beatae incidunt ut.','1988-08-28 12:22:51'),
('357','57','57','Quibusdam similique excepturi quae sed aut. Reiciendis deserunt est nam voluptatem. Eaque est ea odio quasi. Facilis qui iusto error.','2011-12-09 01:48:15'),
('358','58','58','Veritatis odit velit minus aut. Expedita pariatur molestias debitis nam dolore quaerat tempora. Expedita repudiandae quidem mollitia laboriosam iusto.','2000-03-12 05:08:12'),
('359','59','59','Ut corrupti officia ut sint repudiandae ad. Molestiae qui rerum deleniti similique. Omnis saepe ut omnis voluptate nulla magnam perspiciatis. Neque rem error iste reprehenderit ut. Ipsam omnis quibusdam maiores quo id.','1970-01-23 10:02:38'),
('360','60','60','Quis aut earum possimus reiciendis nostrum sint. Unde deserunt reprehenderit dolores laborum eum. Omnis voluptas officiis illum iusto recusandae tenetur quod.','1975-05-24 07:43:10'),
('361','61','61','Laborum nisi aut vitae atque. Impedit ipsum deserunt illum sint enim nobis. Tenetur quisquam sint perferendis consectetur ducimus cumque amet ipsum.','1994-07-25 01:21:11'),
('362','62','62','Necessitatibus dolores dolorem nostrum optio enim illo atque. Rerum explicabo ipsum earum explicabo quia maxime. Eos delectus aliquid aut quod omnis magni sit. Harum minus sint atque laudantium unde repellat facere quisquam.','2018-04-29 05:28:58'),
('363','63','63','Odit cupiditate sunt qui aperiam iste quam. Et beatae nihil deleniti ea temporibus dolor eveniet. Corrupti facilis fuga ut nam.','2007-05-06 11:45:22'),
('364','64','64','Sed at et cum quisquam nobis. Qui ipsa ullam libero quis. Omnis suscipit quisquam omnis dolore optio consequatur voluptas. Eveniet esse accusantium nihil totam similique est.','2019-03-07 05:40:26'),
('365','65','65','Voluptate enim dolorem occaecati esse. Repellat dolorum doloribus in quis ipsa est. Dolor rerum minima est velit. Cumque et est voluptatem nam explicabo eos laborum.','2017-06-17 15:27:33'),
('366','66','66','Neque consequatur quia voluptate voluptates quod reprehenderit perferendis. Ut nihil minima ratione qui est.','2007-07-14 10:15:44'),
('367','67','67','Inventore veritatis aut officia iusto. Natus enim fuga id deserunt quod. Qui voluptate ullam voluptatem dolorem mollitia. Expedita et aut doloremque voluptatem porro doloribus.','2015-02-03 08:55:15'),
('368','68','68','Et magnam dicta quas excepturi iure. Repellendus consectetur maiores eveniet autem quaerat dolorem et. Officiis ut aperiam deleniti provident est. Eveniet hic incidunt ratione.','2008-09-08 04:01:13'),
('369','69','69','Esse id quisquam magni facere accusantium dolorem sed et. Et velit consequatur est provident magnam expedita. Voluptatum asperiores est tenetur occaecati non et voluptatem. Inventore esse eius et voluptatibus.','1979-03-30 09:15:39'),
('370','70','70','Dolorum esse voluptas quaerat et minus nihil sint nam. Minus facere dolor sapiente aut quidem. Ab nulla qui repellat voluptate impedit.','2003-03-26 01:55:24'),
('371','71','71','Aspernatur architecto non illum ut. Necessitatibus distinctio molestiae quos. Dolorum qui ab animi nemo aut.','2001-07-31 05:29:33'),
('372','72','72','Tempore vel magni molestias ut assumenda ipsum sunt consequatur. Quia unde eaque iure ex dolores quia illo. Eaque aut nulla et quo officia asperiores. Voluptas nemo quis qui et autem fugit labore.','1986-10-10 04:27:03'),
('373','73','73','Explicabo velit quibusdam ea maiores. Ut et quia illum voluptatem deleniti. Sapiente inventore tempora tempore harum ea totam ad.','1977-04-16 02:12:56'),
('374','74','74','Sunt exercitationem vero et aut et quis. Tempore et laborum omnis sunt aut officia.','1989-01-12 16:48:04'),
('375','75','75','Placeat et hic et sint aperiam accusamus explicabo voluptatibus. Sed illo similique est rerum incidunt non quia.','1986-08-22 08:24:47'),
('376','76','76','Blanditiis rerum dolore eum quae omnis ex. Maxime molestiae dolor et dicta.','1981-05-28 15:02:33'),
('377','77','77','Enim velit explicabo ut dolores hic quos. Totam aut iusto quo. Qui numquam eum iste quasi. Aut rerum est aut iusto dolores. Quidem cumque at et exercitationem debitis possimus sint.','1981-08-02 18:28:34'),
('378','78','78','Repudiandae necessitatibus voluptates veritatis maiores iure blanditiis. Quo consequatur voluptatem accusantium dolor occaecati. Consequuntur voluptatem ducimus fugit placeat et non soluta.','2017-12-04 23:20:54'),
('379','79','79','Magni illum voluptas inventore maxime ea aut. Quo aliquid eum rerum quos. Ipsam dolores possimus facilis perspiciatis ut harum.','1976-09-18 15:41:04'),
('380','80','80','Nihil dolorum ab at eum consectetur quo. Quisquam neque asperiores fugit omnis nisi non voluptatem rem. Suscipit saepe quam ex quasi ex quia.','2001-09-20 03:51:00'),
('381','81','81','Voluptatum maiores eum ut fugiat reiciendis voluptatum dolorum ea. Nam unde dolor eius in reprehenderit. Dolor magnam enim ullam dolores velit.','1980-03-30 19:33:37'),
('382','82','82','Et iusto consequatur explicabo alias. Laudantium nobis incidunt nemo beatae accusantium. Dicta molestiae at voluptas laudantium incidunt ratione. Corrupti velit aliquid sapiente quod delectus delectus.','2008-05-31 15:22:54'),
('383','83','83','Qui nam repellat labore consequatur illum ut iure cum. Tempore minima architecto aut consequatur autem porro voluptates dolorem.','1978-01-14 12:04:39'),
('384','84','84','Alias et voluptatem et ipsa quasi maiores. Quo autem quaerat dolores qui laborum qui molestiae. Facere esse vero non aut velit eius et.','1970-11-24 04:45:25'),
('385','85','85','Autem nisi officia numquam ratione reiciendis voluptatibus temporibus. Rerum distinctio et amet ipsum eaque. Soluta assumenda voluptatem repellat similique accusamus aliquam aut. Dolores cumque qui non officia a aliquid labore.','1973-04-07 20:06:54'),
('386','86','86','Incidunt minus temporibus earum autem est. Dolores odit laudantium laborum non. Aliquam voluptatem deleniti facere voluptatibus cum sequi exercitationem. Magni non corporis est illum amet provident.','1976-09-26 22:56:57'),
('387','87','87','Vel eaque consequatur rerum corporis ipsa officia. Nobis placeat rerum quaerat. Voluptates repellendus non accusamus corporis facilis quibusdam.','2008-04-19 15:27:34'),
('388','88','88','In corporis aliquam atque ipsum qui maxime est nam. Non velit ipsam atque. Minima non eius dolore cupiditate.','1994-09-10 03:35:53'),
('389','89','89','Fugiat aut voluptates repellat nemo deserunt omnis sunt. Quasi vero quasi quis sunt eius. Error asperiores velit nemo velit nesciunt natus. Reprehenderit voluptatem laboriosam consectetur omnis non sunt ut voluptas. Odio voluptate ex nam dolorem dolorem sit.','1972-04-07 10:31:41'),
('390','90','90','Omnis aut omnis fuga pariatur ut ipsam. Dolores non et quo qui cum magnam maxime. Et eaque vitae accusamus reprehenderit corrupti et ut. Odio consequuntur voluptatem id maiores nam.','1988-05-18 02:37:27'),
('391','91','91','Saepe odio atque rerum est dolorem sit consequatur. Sed ut voluptatem odit sunt. Eveniet quod quaerat id quo dolorem repudiandae. Quia deleniti voluptas nulla molestiae sequi optio. Qui sit necessitatibus iure debitis.','1978-08-06 01:02:41'),
('392','92','92','Soluta temporibus rerum ut perferendis ut quasi. Voluptas at consequatur dolorem ipsam quibusdam. Minus fugit reprehenderit debitis molestiae corrupti itaque.','1977-04-11 18:57:49'),
('393','93','93','Et hic id ab id eos ad consequatur. Voluptate saepe quasi eos hic autem. Voluptates voluptatem ratione vitae qui quidem eum eos. Sit voluptates necessitatibus sit ullam est.','1975-08-02 01:14:48'),
('394','94','94','Id consequatur sunt velit qui libero. Non saepe quam ex. Non quidem qui dolorum libero reiciendis natus. Minima reiciendis in ut id optio.','2019-05-15 17:17:04'),
('395','95','95','Ad suscipit placeat nemo. Suscipit ut dolor qui deserunt assumenda quae. Nostrum soluta eaque sapiente aut possimus quia dolores. Ut tempore unde quos repellat labore consequatur.','2013-12-19 19:29:37'),
('396','96','96','Dolores hic mollitia occaecati molestias laboriosam voluptatem. Sunt aliquam omnis et quod accusamus. Sed aut suscipit ut ut illo.','1990-06-24 09:47:15'),
('397','97','97','Eos dicta voluptatibus exercitationem sunt omnis. Alias nostrum fugiat tempora magni ex neque. Distinctio in optio dolorum eos qui natus optio.','1970-01-09 17:51:39'),
('398','98','98','Excepturi molestiae numquam quo in. Dolorum error neque minima illum magni quam perferendis. Excepturi optio distinctio recusandae.','1980-07-04 02:21:08'),
('399','99','99','Quas dolorem aliquid veniam temporibus error quas ut. Ut asperiores sapiente deserunt voluptate porro provident. Labore placeat architecto molestiae. Illo voluptatem enim perferendis sit libero qui aperiam beatae. Velit et quo modi.','1977-09-16 19:17:48'),
('400','100','100','Officia laboriosam iusto nisi odio nihil. Dolores quis adipisci ducimus praesentium.','2000-09-24 07:52:34'),
('401','1','1','Odio sunt molestias qui. Magnam tempora esse magnam dolorem autem voluptatem. Soluta voluptates autem eum voluptas est blanditiis est recusandae. Cupiditate nobis consequuntur deleniti molestiae aperiam et. Quam hic qui aut nesciunt eos facere minima.','1990-11-24 13:43:08'),
('402','2','2','Deserunt vero quas ratione aut provident commodi. Minima natus sequi aut sit nihil sit quasi. Sequi est reprehenderit sapiente autem sed nihil deserunt.','2009-10-27 17:35:05'),
('403','3','3','In alias quo voluptatem a labore quasi molestias. Porro velit porro qui sed accusamus ipsum eum. Dolor illum iste optio ducimus.','2012-01-12 00:07:00'),
('404','4','4','Dignissimos perspiciatis est laboriosam blanditiis et sed quaerat nemo. Quisquam mollitia et quis voluptatem repellat.','2011-11-09 17:18:22'),
('405','5','5','Et eos repudiandae explicabo autem rerum modi optio. Sed velit eius voluptatem voluptas possimus fugit ratione asperiores. Sit aut iure sunt quod ullam dolorem. Eaque non eum dolores possimus aspernatur iusto.','1984-10-08 00:05:18'),
('406','6','6','Vitae possimus qui voluptatibus harum et libero. Alias velit id aut hic. Deserunt omnis vel quae possimus delectus quia.','1979-11-19 22:15:56'),
('407','7','7','Aut excepturi et mollitia quo eius. Sed velit aspernatur unde laborum. Autem ut maxime hic nam deserunt at neque. Qui modi suscipit non suscipit quasi eligendi aut.','2018-08-11 17:04:34'),
('408','8','8','Maiores assumenda unde vel placeat. Consectetur consequatur distinctio iusto et impedit excepturi repudiandae consequatur. Earum consequatur veniam voluptatem rerum vero recusandae. Ipsam molestiae vel repellendus dolor.','1989-09-18 21:40:33'),
('409','9','9','Et et id aliquam quis. Sequi officiis veritatis molestias est eligendi deleniti quasi.','1990-10-23 23:34:06'),
('410','10','10','Omnis nihil tempore laboriosam dolor. Dolorem architecto alias pariatur eligendi minus atque soluta. Nemo quasi deserunt fugiat voluptatum id atque.','2014-10-24 12:56:05'),
('411','11','11','Reiciendis in officiis accusantium. Voluptatem blanditiis aperiam ut est voluptatem. Quaerat molestias corrupti ut est non. Corporis ut asperiores velit fugiat nihil.','2019-07-18 19:56:09'),
('412','12','12','Quis et non dolorum veritatis consequatur enim. Ducimus tenetur autem optio vitae ut sed sint voluptate. Qui sapiente omnis similique commodi non. Amet vitae aut ex.','1979-10-15 17:09:42'),
('413','13','13','Quia nam vero voluptates nihil et aperiam. Explicabo dolorem qui voluptatem dolor. Suscipit nemo molestiae ea. Maiores omnis a atque provident asperiores quia. Illo sed recusandae sit eos quisquam excepturi magni.','2007-07-22 14:18:09'),
('414','14','14','Et magnam sint sunt. Et quo minima voluptates dolorem. Optio nostrum et pariatur odit maxime eius nisi. Nam ea qui soluta voluptatem commodi cum aut dolorem.','1970-02-19 14:50:02'),
('415','15','15','Voluptas sint quo facilis qui corporis sunt eum explicabo. In perferendis odio repudiandae ut et qui. Provident et rerum perspiciatis ea.','1975-11-22 06:19:06'),
('416','16','16','Quia enim odio omnis in soluta. Ab quibusdam voluptates ad eum. Rerum rerum necessitatibus illo vel.','1977-01-08 03:24:09'),
('417','17','17','Ipsum occaecati odit consectetur rerum error enim. Inventore ea omnis quam omnis pariatur. Enim unde rerum maxime aperiam consequatur qui. Aut ea iure magni et eum vel.','2009-04-12 18:12:18'),
('418','18','18','Itaque exercitationem voluptatibus tempore voluptatem. Voluptas eveniet ut aut et.','1970-06-19 00:14:50'),
('419','19','19','Harum culpa enim dolores inventore minus eius voluptatem. Ea omnis ut consequatur totam magni. Dolore hic ullam voluptatem voluptas modi et. Et culpa consectetur eveniet aliquam quia sed non. Praesentium perferendis quos odit minus.','1975-07-06 15:03:28'),
('420','20','20','Sit molestiae aut amet sunt ipsam. Enim soluta reprehenderit facilis ducimus optio voluptatem. Nostrum dolores quia voluptatem. Non aut et nobis iure.','2013-09-16 01:39:45'),
('421','21','21','Nesciunt ea expedita perspiciatis et asperiores rem voluptatibus. Et quo dolore quos facilis blanditiis quod. Ea est impedit dolorem pariatur consequatur nemo odit. Ducimus recusandae corporis omnis quisquam impedit. Nesciunt ut placeat necessitatibus expedita eum sequi dolores.','1983-02-01 22:02:58'),
('422','22','22','Optio illum perferendis quisquam rerum culpa magnam expedita. Eos molestias ea repudiandae dolorum est atque consequatur. Voluptatum ex inventore incidunt beatae culpa harum.','2017-08-06 11:46:48'),
('423','23','23','Laboriosam quis voluptas omnis exercitationem. Ad sed repellat voluptas quam non libero veniam. Soluta quia minus incidunt est.','1991-04-08 23:19:08'),
('424','24','24','Ad enim unde ducimus impedit. Eaque non debitis voluptates qui quidem distinctio debitis commodi. Quis aliquid autem qui quasi assumenda sunt voluptas. In harum placeat est et dolores saepe fugiat. Soluta vitae dolorem quo a.','1998-02-13 17:22:22'),
('425','25','25','Debitis consequuntur aut cum dolorem consequatur praesentium. Assumenda est voluptatem sequi porro mollitia est. Harum quia debitis sit aut. Aperiam sunt eos asperiores aperiam.','1970-04-17 00:24:37'),
('426','26','26','Quo minus vitae quasi et. Ipsam ea nihil et id dolorem nihil nostrum. Et explicabo sed aperiam et commodi corporis repellendus. Voluptates nobis sit facere sunt.','2017-01-22 22:33:01'),
('427','27','27','Quaerat repudiandae rerum sunt nulla ad possimus. Totam unde velit in ut. Fugit sunt vitae temporibus provident. Facilis eos perferendis eos velit pariatur sed dicta.','2007-07-21 02:51:03'),
('428','28','28','Neque exercitationem fuga dolorem non vel exercitationem beatae quis. Ut aut voluptatum accusantium similique minus laudantium. Ut suscipit animi quidem molestiae sint sed vero. Modi consequatur architecto aut nulla similique esse et.','1972-02-19 23:37:56'),
('429','29','29','Nesciunt doloribus sed fuga magnam ut aspernatur enim. Ab cum voluptatem consequatur rerum atque veniam aut reiciendis. Et culpa minus deserunt eum. Facilis corrupti est minima aut officia.','2011-04-25 00:58:09'),
('430','30','30','Tempora id voluptas architecto. Et aut voluptas et sint qui. Et eligendi sunt labore quidem recusandae ut.','1976-10-19 06:37:00'),
('431','31','31','Dolorem quae esse omnis nemo natus iste. Et ut esse quasi impedit sunt voluptatem non. Quidem at quibusdam dolores et molestias a.','2010-07-18 20:01:07'),
('432','32','32','Saepe dignissimos perferendis non aliquid et repellendus illum. Sit error impedit molestiae. Rerum odio eum magni rerum delectus.','2005-10-29 11:27:06'),
('433','33','33','Beatae distinctio dolorem nam voluptas. Ut dolores veritatis sit quod cum culpa. Doloribus id esse ut consequatur. Deleniti reiciendis dignissimos reiciendis dignissimos iusto voluptatum quo.','1978-04-27 16:31:47'),
('434','34','34','Veniam molestias itaque hic et nobis asperiores. Molestiae repellat voluptate commodi aut ducimus omnis deleniti. Occaecati repudiandae ipsa qui velit.','2011-06-01 19:03:58'),
('435','35','35','Sit distinctio doloribus illum et repellendus earum ut et. Voluptatem sed facere cumque facilis qui rem. Aperiam ad maxime voluptas neque rerum. Officia tenetur odio voluptatum aperiam sunt.','2014-09-01 05:53:14'),
('436','36','36','Repellat et dolores suscipit. Aperiam quod rerum sint suscipit. Laborum corporis necessitatibus adipisci aliquid et. Quo blanditiis consequuntur non dolores ipsam tempore.','2002-05-20 14:34:22'),
('437','37','37','Dignissimos harum dignissimos asperiores officia deserunt nisi eum. Saepe officiis ex modi nobis quaerat. Quam labore nihil dignissimos voluptatem ut quae possimus.','2002-02-01 02:27:04'),
('438','38','38','Vel vel quo non quae ea. Sed fuga dolorem impedit vel. Dignissimos nam voluptatem odit sed rem at ratione. Sunt ut sunt non hic.','1971-04-27 21:28:00'),
('439','39','39','Quo totam blanditiis non repellat minus voluptatem rerum. Pariatur blanditiis et ducimus et.','1974-03-06 23:46:18'),
('440','40','40','Doloribus laboriosam ut nisi voluptatem voluptatibus occaecati. Eius nam laborum atque sint aut. Rerum expedita et doloribus consequuntur inventore et.','2004-10-12 22:40:26'),
('441','41','41','Quibusdam nulla autem voluptas accusamus. Voluptate non non dicta at autem et ducimus animi. Aperiam ut eveniet dolorum illo hic sunt nihil. Voluptas eos itaque et vel officiis illum quia est.','1990-01-16 03:51:36'),
('442','42','42','Itaque sed est dicta voluptatem id eveniet deserunt. Aliquid illo quae voluptatibus sapiente iusto magni provident. Alias possimus fuga quia accusamus dolorem.','2013-12-07 06:18:14'),
('443','43','43','Aut laboriosam eum aut veritatis ipsam quos. Accusantium fuga aut quidem magnam illo. Qui ratione sed quia explicabo iure eveniet.','2017-11-18 11:11:31'),
('444','44','44','Molestiae quo consequatur nemo aut rerum. Cumque ut tempora nam non. Voluptatum quidem impedit nihil dolores eos hic repellat.','1994-07-15 19:18:39'),
('445','45','45','Sit culpa laboriosam repudiandae dolorum. Id ipsam aspernatur id sed quod qui. Possimus porro fuga consequatur in esse. Aut beatae est similique et.','1986-04-13 10:20:09'),
('446','46','46','Sint consequuntur eos aut ut molestiae et doloribus. Consequatur eveniet et expedita voluptas quibusdam. Recusandae culpa ut nihil rerum cupiditate deleniti. Eum tempora necessitatibus dignissimos id ut.','2013-06-22 10:24:04'),
('447','47','47','Aspernatur aut facere ut. Error fuga perspiciatis et et aperiam qui id. Sunt est vero suscipit fugit.','1995-05-06 22:56:49'),
('448','48','48','Est voluptatem a nam cum vitae et. Voluptates cumque unde ipsa asperiores excepturi aut quae. Ut odit est aut expedita ullam. Possimus nihil quo est neque id consequuntur ex nesciunt.','1997-12-16 22:33:17'),
('449','49','49','Aliquid ratione expedita debitis. Numquam cumque voluptatibus maxime odio molestiae eaque et. Soluta tempora enim at. Non et eos et in quaerat quaerat.','1987-10-04 22:56:17'),
('450','50','50','Voluptatem qui voluptas dolore nam. Perspiciatis labore consequatur ea fugiat aut autem ratione nobis. Eaque ipsam assumenda maxime dolorem. Quia corrupti non non porro deserunt voluptates et quisquam.','1970-09-27 07:15:09'),
('451','51','51','Consequatur dolores eos velit impedit sunt aperiam. Reiciendis corporis officiis quia et odio. Qui accusamus magni ut ut. Deleniti a est mollitia fugiat voluptatem qui. Ratione voluptas accusamus provident ut quod molestiae fugiat.','2009-09-07 15:00:21'),
('452','52','52','Fugiat laboriosam voluptatem voluptates in provident. Quibusdam voluptas maxime iusto pariatur quis. Aut enim dolorem qui voluptatem blanditiis rem quis. Quod quas recusandae recusandae. Qui dolorum iure provident et non corrupti et ut.','2003-05-25 13:30:36'),
('453','53','53','Laborum aut est minus rerum fuga necessitatibus. Labore omnis quas voluptate ut aut eum. Consectetur ad quod error quos praesentium et aliquam modi. Et nesciunt dignissimos facilis dolores.','1978-02-28 07:43:27'),
('454','54','54','Vel delectus eum ab accusamus neque placeat vitae. Dolorum et dolorem voluptatem dolores veritatis. Aperiam et sit sint qui dolorem saepe doloremque. Nobis voluptate omnis et dolorem et ab nam.','2012-03-15 17:34:37'),
('455','55','55','Inventore temporibus velit libero consectetur. Quo veritatis earum consequatur at quis quis. Tempora eos velit repellendus molestiae porro officia laudantium et. Vitae sit eum iusto omnis.','1983-09-02 13:14:37'),
('456','56','56','Vitae facilis ea possimus. Rerum quia natus facere facere tempore voluptas. Alias numquam aut esse porro est.','1995-07-29 10:25:07'),
('457','57','57','Adipisci et aperiam voluptatem voluptates nulla culpa quia. Aut fuga perferendis a quo itaque voluptates expedita asperiores. Odit ut facere voluptas esse quisquam dignissimos non.','1977-10-24 03:29:58'),
('458','58','58','Nulla velit eveniet facere similique facere. Aliquid distinctio in qui earum id. Nihil eos autem ratione et aperiam delectus omnis sit.','2000-05-27 10:06:53'),
('459','59','59','Maiores fuga aut voluptates et. Assumenda corrupti corrupti facere iste architecto nemo quia. Autem aut voluptas dolor ea quo.','1981-12-26 16:56:31'),
('460','60','60','Accusamus necessitatibus aliquam ipsum et et. Voluptas quia ipsa sint. Doloremque voluptas qui nam dolor explicabo laudantium ipsa. Dolorum magnam fugit et animi.','1986-08-31 06:57:49'),
('461','61','61','Aliquid voluptatem molestiae qui. Tempora dignissimos qui temporibus necessitatibus vitae dolorem. Est minus corporis incidunt aliquid.','2012-04-25 07:53:16'),
('462','62','62','Aut tempore impedit qui eum. Alias et et nisi eius.','1983-12-29 20:25:09'),
('463','63','63','Est quos ipsam neque magni tempore explicabo. Inventore voluptatem dolores sed tempore neque sunt. Quisquam nihil earum eius officia. Harum sed totam repellat ducimus nemo deleniti veritatis eius.','1994-07-15 06:04:25'),
('464','64','64','Perspiciatis repellat consequatur ut quia sapiente quasi illum animi. Explicabo adipisci voluptatem voluptas non velit. Magnam a atque architecto amet.','2002-08-13 13:27:37'),
('465','65','65','Veritatis excepturi sequi eveniet dolorem nemo ipsum aspernatur. Aut error officia esse aliquam unde ea quis. Enim repellendus placeat suscipit rerum quibusdam. Ut aut provident debitis et et molestiae.','1999-07-29 18:52:37'),
('466','66','66','Ipsam tempora aut qui ut. Enim ut ad ducimus id minus aut.','2009-07-27 03:16:43'),
('467','67','67','Id consequuntur ut omnis dolorem nihil eos eos. Quia nemo consequuntur adipisci quae perferendis ullam consequatur dolore. Asperiores ut aut omnis maxime esse provident totam.','1997-11-09 00:56:50'),
('468','68','68','Ut soluta quo dolorum vero minus eaque voluptatem. Et labore quisquam non nesciunt. Necessitatibus distinctio porro modi omnis odio corporis distinctio reprehenderit. Quibusdam et qui nostrum minima voluptatum voluptates natus. Porro dolorem quo et vel eveniet.','1989-08-07 14:13:01'),
('469','69','69','Et eaque atque voluptatum omnis ea temporibus. Asperiores repellat delectus ut possimus ea porro. Ipsam cupiditate deleniti ducimus et perspiciatis. Debitis hic iure aperiam nesciunt possimus laudantium laboriosam.','1978-06-10 07:46:25'),
('470','70','70','Optio dolorem pariatur occaecati et sed. Doloremque dolorum ut consequuntur corrupti. A id veritatis accusantium aut sed.','2014-06-24 09:44:11'),
('471','71','71','Ab ducimus ut tempore earum. Odio repudiandae molestiae quisquam esse. Labore aut qui excepturi veritatis.','1971-01-02 06:54:50'),
('472','72','72','Aut in quod nisi perferendis dolores dolor. Corporis ratione impedit molestiae dolores provident in. Dolor nisi id molestias molestiae. Provident deserunt et aliquam voluptatem eos voluptatum.','2019-01-06 03:30:45'),
('473','73','73','Inventore sit in harum occaecati voluptates incidunt. Qui optio deserunt at nesciunt culpa. Magnam corporis perferendis totam perferendis quaerat vitae et. Itaque velit eveniet laudantium.','2004-01-19 09:34:56'),
('474','74','74','Rerum consequatur sed modi deserunt magni. Recusandae aperiam reprehenderit qui ut id ipsum sequi. In quaerat quia excepturi nulla. Repellat molestiae quasi reiciendis dolores facilis consequatur.','1987-09-22 12:01:57'),
('475','75','75','Ab accusamus reiciendis non non. Quo consequuntur voluptates nesciunt quo. Voluptatibus id perferendis distinctio tempora tempore eaque. Nobis dolorem dolore harum nesciunt.','2001-03-29 03:20:57'),
('476','76','76','Asperiores omnis aut et omnis repudiandae dolorem doloribus. Dolores fugiat doloribus vero quod. Facilis aut tenetur voluptatem hic dolores a ipsa. Impedit et distinctio veritatis hic eligendi.','2015-08-20 10:22:42'),
('477','77','77','Alias totam et et nulla consequuntur veritatis sed. Consectetur aliquid ea ut impedit aperiam voluptatem. Dolorem assumenda molestiae non nulla.','1984-08-03 17:03:15'),
('478','78','78','Nesciunt voluptates ut quas veniam dicta ea debitis. A odio fugiat id qui. Odit dolore ipsam eius unde explicabo ut. Voluptatum quia id animi. Iusto impedit dolorem sit.','1991-11-16 08:32:47'),
('479','79','79','Et laudantium tempore eveniet facere dolore reprehenderit est. Modi in suscipit facere enim.','1986-06-21 19:12:10'),
('480','80','80','Quasi vitae non dolores autem praesentium impedit. Ea rem libero deserunt eum. Sapiente quae quibusdam assumenda. Voluptas rerum sequi molestiae dolorem doloremque fugit dolore quod.','1992-12-24 09:06:02'),
('481','81','81','Quasi et voluptatem quidem voluptatibus laborum. Fugiat et quia quis delectus exercitationem rerum. Et tenetur adipisci aut necessitatibus eum alias consequatur. Aut necessitatibus autem animi consectetur.','1974-05-15 02:05:56'),
('482','82','82','Cupiditate eius enim ea voluptate ducimus reprehenderit ut. A neque non ab et error. Non molestias ab totam id. Repudiandae necessitatibus veritatis facilis est soluta consectetur vitae.','2017-08-23 19:00:44'),
('483','83','83','Eos assumenda voluptatibus facilis recusandae ratione quia et. Non quidem accusantium et autem molestiae ut libero. Inventore facilis dolorem necessitatibus aperiam sed ad.','2019-12-22 15:22:37'),
('484','84','84','Porro aliquam quia ducimus veniam. Aut qui odit ab veniam enim aperiam. Sint provident rerum sint rerum dolor sed reprehenderit.','2011-12-01 05:49:49'),
('485','85','85','Sed reprehenderit in odit ipsum eligendi aperiam voluptate. Quia non voluptatum saepe impedit temporibus iste non. Eius sint tempora explicabo qui eum enim iure.','2016-06-17 02:43:40'),
('486','86','86','Vel deserunt voluptatem pariatur reiciendis. Harum quis rerum atque quisquam non. Sunt autem eveniet laboriosam perspiciatis illum labore.','1984-08-04 22:28:46'),
('487','87','87','Quae odit est et beatae mollitia deserunt dolores. Ut sint deleniti enim beatae alias accusamus ut. Eum unde culpa odio ipsum. Doloremque et tempore est cum atque adipisci id.','1979-11-27 15:11:37'),
('488','88','88','Natus cumque nobis ad. Quia nemo iure iste in. Esse qui tempora consequatur iste repellat ea ut.','2008-05-20 12:25:34'),
('489','89','89','Corporis quas reprehenderit modi illo eos sit fuga. Eaque nihil inventore ullam ad necessitatibus. Quam officia aut sequi doloribus autem ex. Nihil repellat ea repellendus aliquam minus ut. Et aut consequatur iste voluptates.','1979-06-24 21:26:16'),
('490','90','90','Qui illo sequi ipsum. Sunt id voluptatibus incidunt atque nemo reprehenderit.','1976-04-27 04:58:49'),
('491','91','91','Sed quod id unde voluptatem inventore sit perferendis. Eveniet voluptas sint sit.','1980-06-15 04:37:57'),
('492','92','92','Et et earum qui occaecati eligendi tempora. Dolor repudiandae debitis et.','2001-08-06 03:45:23'),
('493','93','93','Blanditiis molestiae blanditiis nesciunt cum. Est voluptates et qui odit saepe a. Similique et earum voluptate ea est eos eaque doloribus. Illum sunt corporis hic dicta perferendis nihil.','2016-04-29 18:49:58'),
('494','94','94','Consequatur corporis facilis distinctio eos quibusdam. Doloribus a ullam rerum eum. Est similique magni laboriosam laudantium quis. Architecto assumenda quia consectetur eveniet eveniet repudiandae.','1970-11-23 05:15:24'),
('495','95','95','Deserunt iure omnis porro esse nemo. Sed sequi dolorem aut qui repellendus dolores. Repudiandae assumenda facere reprehenderit ut aliquam et. Ullam magnam sequi asperiores ut repellat.','1990-04-08 19:47:25'),
('496','96','96','Soluta voluptatum facere id distinctio expedita qui eos ad. Autem ab corrupti necessitatibus. Et voluptates eius esse adipisci eos. Reiciendis nobis tenetur veritatis.','2015-06-16 07:51:14'),
('497','97','97','Atque placeat modi eaque et perspiciatis rerum ipsa dicta. Alias natus saepe voluptas dignissimos mollitia et. Dolores explicabo aspernatur cum.','1976-03-13 03:57:39'),
('498','98','98','Quis magni aperiam nesciunt distinctio amet explicabo sit. Aut nostrum odit temporibus ipsum aspernatur. Architecto eius molestiae voluptatum voluptas a dolorum laborum. Nihil unde consectetur sit molestiae cupiditate rerum recusandae ad.','1998-06-06 05:48:33'),
('499','99','99','Velit veniam eos deleniti similique facilis quod. Harum odio et commodi blanditiis. Repellendus reiciendis quibusdam unde dolore dolorem. Est aut in eligendi dolores unde.','1999-12-19 02:43:03'),
('500','100','100','Veritatis saepe velit deserunt. Nihil quia nisi nam. Sit numquam illo rem earum.','1971-07-22 15:27:24'),
('501','1','1','In ratione ut maiores sed vitae quis. Id qui odio veniam. Iusto ratione consequatur aliquid consequatur cupiditate. Est repudiandae fugiat quo enim quae et.','1982-05-31 21:51:33'),
('502','2','2','Consectetur magnam eum quia minima necessitatibus qui nesciunt. Sequi nobis nesciunt error impedit. Porro enim quis pariatur molestiae.','2000-02-27 21:36:23'),
('503','3','3','Et harum ut omnis maxime et aliquam expedita accusamus. Iure ut in earum dolore facere quo. Qui et ex id quis eos est. Repudiandae recusandae ullam animi. Consequatur eos dolorum in nulla.','2001-07-03 15:25:43'),
('504','4','4','Quidem sint animi illo asperiores asperiores. Ex eum doloribus recusandae et eveniet laboriosam. Cupiditate voluptates est tempore corrupti temporibus quidem non. Voluptatem excepturi qui voluptatem aut optio.','1984-12-15 07:27:35'),
('505','5','5','Vitae consequatur consectetur vel vero praesentium sequi libero commodi. Omnis voluptate qui a repellat a voluptatem nemo facilis.','1982-07-14 18:22:34'),
('506','6','6','Officiis consequuntur eos illo explicabo voluptatem eaque. Nobis qui inventore nulla temporibus. Dolorum voluptatem ullam ipsa culpa inventore. Amet repudiandae ut minima et sapiente vel.','2014-12-21 21:27:25'),
('507','7','7','Dolores nulla dolor quasi deserunt quo et. Corrupti labore sint blanditiis sunt vel est sunt. Quo maiores eligendi natus mollitia magnam iure ut.','1979-10-26 21:12:26'),
('508','8','8','Similique veniam perferendis sed temporibus. Aperiam provident suscipit voluptatum neque. Maiores natus mollitia deleniti explicabo tempore facilis et.','2005-05-09 01:11:29'),
('509','9','9','Est animi quidem aut ea numquam ut in. Officia natus est quia eius. Perspiciatis sint voluptas pariatur vitae et temporibus est.','1978-08-15 03:28:43'),
('510','10','10','Mollitia similique ea totam praesentium ea. Et id dolor pariatur. Magni in reprehenderit magni sunt aliquid molestiae ipsa. Doloribus repudiandae ut sed aut ut harum quam.','2004-05-17 06:36:45'),
('511','11','11','Optio accusantium sit minima eum dolorum. Similique ullam aut nulla voluptatem illum facere sit. Voluptatem sint eligendi porro.','1970-03-21 16:12:36'),
('512','12','12','Animi harum sint quisquam occaecati hic at. Fugiat distinctio et reprehenderit corporis aut. Molestias magnam molestiae tempora occaecati rem qui similique laboriosam. Delectus laboriosam et est. Quam ipsa sequi qui in corrupti.','1974-02-06 09:32:59'),
('513','13','13','Et consequuntur totam accusamus dolor reprehenderit eum eius optio. Eos veniam veritatis omnis a ratione eaque. Alias necessitatibus ut suscipit voluptate voluptas incidunt. Velit ipsam quia itaque sint.','1994-02-09 05:40:04'),
('514','14','14','Ea ut laborum autem repellendus consequatur inventore. Magni explicabo sint autem atque incidunt quo quia. Sunt necessitatibus placeat sint et cum quia omnis nesciunt. Quo cumque ipsa tenetur natus blanditiis voluptatem. Sapiente quisquam asperiores quia nihil et rerum atque.','2014-11-02 12:04:54'),
('515','15','15','Et ad consequuntur ut. At veritatis ad repellendus qui. Vel non veritatis tenetur aliquid pariatur qui.','2000-10-12 16:22:38'),
('516','16','16','Sunt laborum vitae nesciunt qui qui. Eum hic rem ut dolor eaque omnis. Incidunt eum recusandae perferendis assumenda aut. Molestiae cum saepe quod quia.','1996-08-11 05:38:54'),
('517','17','17','Vitae sed culpa saepe. Distinctio ut sapiente incidunt quos ut veritatis aliquid.','1980-12-29 09:24:50'),
('518','18','18','Voluptas ad porro est facere voluptatem magni qui molestiae. Quae deleniti rem beatae nobis quia. Quo voluptatem qui eum deleniti vero dolore.','2012-11-20 21:02:22'),
('519','19','19','Laudantium sit ullam aut facere molestiae expedita hic. Voluptatum consectetur quis aperiam earum enim rerum illo. Error autem optio aliquid aut sint impedit sapiente. Ea voluptatem corrupti porro dolores aspernatur atque. Architecto maxime iste neque ea aut.','1982-09-07 22:20:03'),
('520','20','20','Aspernatur vel sint blanditiis commodi sequi. Officiis eos velit id voluptatem atque sapiente. Consequatur consequatur asperiores quia ut qui. Ab quo sequi aut sed quaerat hic cumque.','1975-05-21 14:34:50'),
('521','21','21','Repellendus aspernatur quis asperiores. Sit suscipit quis inventore ullam sed deserunt culpa perferendis. Esse non consequuntur alias deleniti accusamus est sequi. Ut excepturi dicta non.','2014-11-23 23:23:16'),
('522','22','22','Possimus illum vero eveniet assumenda soluta blanditiis vel. Consequatur recusandae ut fugiat consequatur alias. Repellat eligendi enim perferendis.','1999-04-21 14:21:24'),
('523','23','23','Aut dolores eaque quia consequatur unde. Deserunt non quis et quas quod. Aut quis nostrum labore quo.','2019-02-14 08:25:20'),
('524','24','24','Qui aut unde et voluptatem cupiditate. Fugit est tenetur ad et. Nisi dolores soluta voluptates quaerat eligendi quaerat.','1972-11-11 15:06:14'),
('525','25','25','Et praesentium libero reprehenderit recusandae at. Inventore vitae tempora beatae suscipit facilis rerum quae. At dolore iste explicabo beatae ipsam fuga harum.','1989-03-05 07:39:52'),
('526','26','26','Ducimus impedit iste voluptatem. Unde quis aperiam sint et quasi totam laborum. Mollitia quia recusandae minus est asperiores mollitia quod ipsam.','1994-02-26 12:31:57'),
('527','27','27','Quia quo blanditiis qui quibusdam est qui autem qui. Laborum eveniet sequi ut iste ea blanditiis est ratione. Magni quasi enim maxime. Facere similique omnis hic quo expedita. Vero qui pariatur quasi illum aliquid iusto.','1978-01-19 14:04:22'),
('528','28','28','Debitis esse iusto qui et consectetur quis temporibus. Esse dolores aspernatur aut provident dolores ut. Quibusdam ab consequatur non temporibus animi.','1972-08-26 15:43:23'),
('529','29','29','Rerum quod fugit qui corrupti. Sapiente illum qui commodi nulla fuga mollitia sequi. Recusandae et non asperiores quasi facere. Et quae magni adipisci est voluptas.','2011-09-22 11:10:35'),
('530','30','30','Ab sequi earum delectus eos. Eos aliquam quis est repudiandae non. Dolorem et quo fugiat corrupti velit consectetur quo accusamus.','2009-07-22 22:02:02'),
('531','31','31','Optio delectus id quasi cumque. Qui impedit et alias ad in officia. Accusamus unde omnis earum magni modi veritatis. Repellat asperiores aperiam doloribus earum similique.','1980-03-07 06:18:20'),
('532','32','32','Ut amet et similique voluptas. Sint nihil error reiciendis nisi et. Molestias sequi ullam deserunt rerum id voluptatum temporibus vitae.','1970-12-09 19:34:55'),
('533','33','33','Vero et adipisci neque repellat eos quibusdam enim. Facilis neque rerum molestiae repudiandae quaerat reiciendis eveniet. Quia quos neque ea esse quidem est. Non possimus cumque architecto recusandae odit.','1985-01-06 06:48:10'),
('534','34','34','Labore pariatur aspernatur non qui qui. Non asperiores sapiente et aspernatur ducimus sapiente qui. Quas expedita expedita quos perspiciatis rem rerum et.','1980-10-03 09:50:24'),
('535','35','35','Dolorum molestiae voluptates qui maiores eius. Sit sit eius voluptas nostrum at veritatis. Qui labore nam error doloribus at. Voluptatem ullam nostrum quis rem aliquid eum.','2000-10-18 04:33:41'),
('536','36','36','Consequatur pariatur aut itaque. Ipsam vel placeat dolor odit dignissimos non necessitatibus. Quidem fugit earum eos et et quaerat debitis.','1984-09-29 01:13:28'),
('537','37','37','Et officia ut necessitatibus et in esse. Unde dolorum maiores aperiam in ipsum dolor. Ut laborum in provident sit ut. Porro laborum est reiciendis reiciendis.','1981-11-01 21:52:59'),
('538','38','38','Est cupiditate sunt et voluptatem non deleniti. Nihil omnis nesciunt quam qui quisquam nemo. Veritatis qui minima amet repellat quam.','1981-04-07 08:55:49'),
('539','39','39','Molestiae sunt saepe dolores autem autem. Est iste ipsam consequatur similique natus molestiae a. Aspernatur amet hic voluptatem reprehenderit a non rerum. Quo dignissimos neque eaque sunt et fuga quas aperiam.','1972-09-21 22:07:33'),
('540','40','40','Et voluptatem aut aspernatur rerum amet magni eum. Rerum est voluptas explicabo cupiditate. Omnis rem omnis mollitia assumenda deleniti et sequi. Ducimus hic omnis odio eaque aut.','2018-06-03 18:32:02'),
('541','41','41','Iusto aspernatur voluptatem corporis est quo. Delectus asperiores ab dolorem non placeat soluta sed libero. Velit eius exercitationem doloribus veniam consequatur aut assumenda. Aut animi nemo placeat vel ut maxime.','1993-09-18 17:15:28'),
('542','42','42','Vitae quibusdam a facere similique eum illo. In ut nam vitae quia voluptatem delectus. Et sapiente consequatur impedit illo non adipisci.','2003-03-04 11:55:10'),
('543','43','43','Iure aspernatur dolorem ex quos molestias eum aperiam. Voluptas velit qui exercitationem voluptatem eos id quisquam. Excepturi illum sequi tempore omnis. Aut dolores ducimus ea quos voluptas sed necessitatibus et.','2015-12-05 14:00:26'),
('544','44','44','Enim soluta ullam et. Accusamus laboriosam ratione omnis asperiores velit nemo libero. Sit sint illum molestias debitis pariatur aut ab eos.','1999-08-03 10:12:00'),
('545','45','45','Est reiciendis atque quasi alias sint. Totam enim magnam est qui nostrum. Earum expedita sint debitis sed expedita quia beatae.','2007-06-22 04:28:35'),
('546','46','46','At qui molestiae dignissimos itaque at illo. Nobis enim labore qui.','1982-04-26 00:57:18'),
('547','47','47','Quisquam quas laboriosam reprehenderit eveniet. Ea molestias quia deserunt assumenda voluptatem. Ipsum est incidunt saepe odit exercitationem voluptate. Magnam quae unde dolores nihil eos.','1995-06-19 15:38:44'),
('548','48','48','Quas iusto aliquid inventore dolores cumque dolores. Aliquid quas odit reiciendis. Nemo nisi voluptate dolore expedita. Autem animi ratione magni ipsum similique.','2008-09-30 20:39:30'),
('549','49','49','Aspernatur repudiandae et animi repellendus sunt magnam. Dolore excepturi perspiciatis voluptatem quod nulla ratione saepe. Voluptate exercitationem porro facilis occaecati omnis molestiae expedita.','1986-01-25 15:07:58'),
('550','50','50','Libero veritatis at aperiam recusandae illum illum nihil. Nulla cumque accusantium ducimus ipsum magnam. Eius qui sed quasi soluta numquam quam. Quia quidem rerum nihil aut.','1983-11-05 16:09:26'),
('551','51','51','Cum eligendi deserunt itaque velit. Ab ut deleniti eos perspiciatis. Laboriosam qui enim eos voluptatem expedita. Quaerat eius corrupti assumenda quibusdam consequatur esse omnis ipsum.','1972-10-19 09:44:39'),
('552','52','52','Veniam labore quia inventore maxime est. Aperiam quod at qui et fugit. Saepe necessitatibus sapiente consequatur amet eligendi. Cum modi pariatur occaecati est. Sed fuga omnis quia adipisci.','1996-01-16 01:28:09'),
('553','53','53','Molestiae totam ea quia dolor repellat. Debitis ipsa nulla voluptatem eaque neque molestias itaque. Non dolorum dolor aliquam ducimus at itaque ipsa. Tenetur aut illum quia autem.','2000-07-16 09:41:06'),
('554','54','54','Sed ipsa tempora nobis a quo voluptates. Est deserunt nam eos omnis. Rem odit assumenda quos excepturi.','1970-09-22 05:29:00'),
('555','55','55','Minima unde quos molestiae fuga deserunt. Ducimus ut minima illo ab magnam et voluptates dolorum. Perferendis fugiat dolor perspiciatis quod.','2002-08-31 19:59:43'),
('556','56','56','Non eum saepe illum ipsum est. Cupiditate qui est quae nostrum repudiandae fugit vero. Voluptatem debitis tempora eos dicta et vel occaecati. Commodi aut fugiat labore voluptates dolor dolor.','1972-10-02 01:25:18'),
('557','57','57','Nesciunt libero fugit earum ipsum atque exercitationem quis. Perspiciatis aperiam ut exercitationem. Perferendis ad mollitia in maxime fugit qui harum labore.','2009-08-29 03:57:22'),
('558','58','58','Facere dicta et accusamus aut. Repellat voluptatibus expedita et et non sed doloremque. Aut et ratione nemo eveniet.','2006-04-10 14:00:08'),
('559','59','59','Atque nobis eligendi neque ducimus hic eius consequatur recusandae. Et quia aliquam aut dolorem est facilis. Quam est dicta officia est dolores assumenda vel. Quibusdam quos ex vel dolorum nulla rerum.','1988-02-02 17:00:41'),
('560','60','60','Consequatur occaecati eveniet amet nobis recusandae aspernatur. Nihil labore modi magni qui eum itaque. Earum possimus temporibus nihil possimus assumenda.','2015-12-07 09:56:04'),
('561','61','61','Earum fugit eveniet inventore magni voluptas dolorem id alias. Esse aspernatur velit vero. Veritatis ut et rerum dolorem. Voluptatem aperiam fugiat rerum ex sit non itaque.','1987-03-02 08:31:17'),
('562','62','62','Atque iure nihil aperiam voluptatem consequatur sit. Rerum suscipit provident quod temporibus reiciendis. Eum molestiae quos et dolor et aut.','1970-06-10 17:20:55'),
('563','63','63','Expedita sunt consequatur vel tempore autem tenetur. Ut dolorem quas id rerum sit itaque quis. Iusto cumque est sapiente et saepe voluptatem.','2003-09-25 02:33:52'),
('564','64','64','Omnis asperiores nesciunt autem est dignissimos quas. Tempore quaerat et ipsam accusantium qui quod ut. Cumque et rerum sit at id dicta magni.','2002-04-27 22:56:49'),
('565','65','65','Voluptatum quo minima et neque dolorum nulla officiis. Dolore quia voluptatem error unde quia fugiat. Velit aut possimus eum aut sequi.','1993-04-10 11:13:54'),
('566','66','66','At voluptatem fugit voluptatem repellat. Nulla qui et adipisci voluptatem qui fugiat. Ipsa quidem mollitia harum aliquam.','1971-03-26 13:45:59'),
('567','67','67','Nostrum ut et nesciunt aut odit dolores. Aut vero quisquam ipsa incidunt architecto id non. Occaecati ipsa maiores quaerat possimus inventore autem et. Non et nihil et amet.','1972-03-27 14:00:19'),
('568','68','68','Ex autem et quod officia ipsum. Et aspernatur et mollitia. Ullam vel facilis pariatur. Qui iusto alias nemo eligendi.','1986-10-09 01:59:21'),
('569','69','69','Dolore nihil magnam earum quibusdam ratione totam non. Sint velit est ducimus incidunt vel. Atque voluptatem qui nihil. Voluptatem eius reprehenderit error rerum.','2013-04-26 21:09:33'),
('570','70','70','Quaerat voluptas est ea. Dolorum sed rerum rem praesentium non non. Omnis nostrum consequatur recusandae omnis et in in.','1981-11-30 18:21:46'),
('571','71','71','Temporibus ea porro vitae a quidem voluptatem dolores. Non voluptatem facere non dolor eos tempore. Atque rem eius pariatur eligendi repellendus labore ut. Explicabo aliquam quam nisi quis architecto.','1993-01-05 16:47:01'),
('572','72','72','Dolore sed minus tempore est. Sapiente animi sit natus iure dolores non. Incidunt rerum ducimus et sed. Et eos et eveniet ut maiores.','2003-08-19 00:41:57'),
('573','73','73','Optio fuga consectetur ea deleniti fugit rerum ipsa. Est tenetur facere officiis repellendus sunt ipsum sed. Doloremque fugiat quidem voluptates enim.','1974-09-13 23:03:52'),
('574','74','74','Voluptate autem sunt harum quia nisi nam. Nostrum ratione minus molestiae omnis sunt eos. Incidunt vero quis aut esse quidem.','1971-01-24 15:02:50'),
('575','75','75','Est ut quibusdam quisquam sit qui ducimus sint. Sed temporibus rerum et.','1987-02-19 07:58:13'),
('576','76','76','Animi explicabo in recusandae aut asperiores. Ut id non expedita laborum. Hic corporis iusto veniam dolores sit ratione laborum ut. Non sint id nihil cum dolorem.','2014-04-01 01:52:47'),
('577','77','77','Omnis aliquid est ut dolorem quis excepturi aperiam. Ut ipsam numquam voluptatem similique voluptatem delectus vel. Quia et sapiente minus voluptas maiores. Nulla ut consequatur quas sed repellendus.','1987-07-04 07:11:36'),
('578','78','78','Omnis earum vel magni dolor. Est velit tempora corrupti quam. Id ratione cumque iusto quidem dolores est labore architecto.','1973-03-08 04:20:53'),
('579','79','79','Et quo suscipit necessitatibus tenetur in corporis harum. Odit nisi saepe blanditiis id. Fugit ducimus nihil incidunt illum dolore fugit ut. Voluptatem fugiat voluptate consequuntur qui sint vitae. Sed facilis eum incidunt qui eaque et.','1990-12-20 19:11:11'),
('580','80','80','Quis culpa ut ad temporibus consequatur. Ut praesentium excepturi accusamus placeat ducimus ut id et. Ipsum quo et ab excepturi.','1988-04-29 00:59:12'),
('581','81','81','Fugiat aperiam eum at iure. Velit veritatis minus quia rerum iure in temporibus. Molestiae consequatur quaerat facilis dolorum accusantium beatae delectus.','1982-12-21 23:40:38'),
('582','82','82','Veritatis doloremque corporis distinctio. Molestias nisi corrupti a reprehenderit libero. Explicabo aspernatur quo unde doloremque sint voluptatem illo.','2012-04-08 07:59:56'),
('583','83','83','Sed dignissimos totam dolorum culpa dolor nam consequatur. Aspernatur porro tempora nostrum modi. Totam deserunt occaecati consequuntur in. Est rerum saepe facere provident eum excepturi.','1973-05-12 17:34:46'),
('584','84','84','Quos quibusdam vel aperiam eveniet iste est ut. Tenetur quos quis voluptatem dolores est non qui. Et sapiente cupiditate et suscipit ipsum. Excepturi aut necessitatibus non accusantium sit id inventore fuga.','1991-01-29 13:16:48'),
('585','85','85','Necessitatibus et velit quasi aliquid. Ducimus qui et temporibus et illo. Autem omnis incidunt delectus rerum quod aliquam.','1993-07-09 20:18:43'),
('586','86','86','Culpa itaque et natus sapiente eligendi. Consectetur et ut sit ab molestias illum occaecati. Eos vero sed provident voluptates animi. Praesentium deserunt distinctio sed ut. Quia sed aut impedit ullam debitis reprehenderit ut.','2000-09-20 21:26:24'),
('587','87','87','Repudiandae quis tempore explicabo magnam minus quis ad. Culpa necessitatibus velit a quaerat quis quia consequatur. Animi vitae beatae cupiditate qui deserunt incidunt id. Harum molestias molestiae et.','1999-02-08 01:26:26'),
('588','88','88','Illo voluptatum facere velit. Eaque omnis qui perferendis est autem est nisi. Ut in ipsam est.','2008-04-21 15:44:01'),
('589','89','89','Dignissimos cumque quibusdam sit accusantium amet. Est dicta ullam provident eos nihil qui. Vitae aut debitis qui provident id molestias excepturi dolorum. Tempora consectetur culpa adipisci beatae non consectetur. Doloribus voluptatibus fugiat unde dolorum voluptas voluptates nostrum et.','1986-09-03 18:06:40'),
('590','90','90','Quis rerum amet enim architecto nemo veniam. Nulla dolorem facere maiores consequatur et temporibus. Placeat et eos reprehenderit voluptatem.','2009-12-01 03:43:23'),
('591','91','91','Nihil numquam dolor quasi sit ullam asperiores. Distinctio in in enim voluptas repudiandae.','1993-10-30 11:40:55'),
('592','92','92','Nesciunt alias eum omnis quia possimus nesciunt. Ut aperiam qui et non. Doloribus et quis et voluptatem hic labore consequatur possimus. Debitis est dolor provident eius molestias dignissimos.','1983-01-23 04:01:47'),
('593','93','93','Non molestiae et id et deleniti deleniti sed. Eveniet est est officia. Velit est veniam ratione in.','1979-10-14 22:00:22'),
('594','94','94','Nam in eveniet officia explicabo non qui. Aut mollitia exercitationem non molestiae vero consequatur atque saepe. Inventore sit cumque soluta rerum aliquid blanditiis enim maxime.','1975-05-17 05:38:25'),
('595','95','95','Aliquid omnis perspiciatis dolor quo placeat eaque. Facere iste ut recusandae soluta ut exercitationem.','1971-07-18 05:38:51'),
('596','96','96','Quaerat sed dignissimos voluptatum ducimus dicta consectetur a. Facilis qui eligendi et molestiae distinctio et. Fugit fuga et veritatis rerum repellendus adipisci.','1975-01-11 23:30:44'),
('597','97','97','Quas et dignissimos et distinctio eligendi aut delectus. Cupiditate sunt aliquid asperiores nostrum consequuntur similique ullam. Aliquid sint et ut sed officiis officiis cumque.','1994-03-22 18:55:51'),
('598','98','98','Quam non voluptas hic nemo. Qui cum est repellendus repellat. Necessitatibus excepturi culpa est possimus corrupti nihil. Ea corporis voluptas amet ad eligendi tempora voluptate.','2017-03-02 19:52:17'),
('599','99','99','Accusantium omnis modi aliquam aut molestias iure sed. Nemo voluptas magnam enim labore minus. Perferendis perspiciatis consequatur eum qui. Pariatur saepe natus nihil voluptas provident qui totam ut.','1977-12-03 20:18:09'),
('600','100','100','Doloribus possimus aut maxime dolor ut nemo omnis aliquid. Et quis temporibus velit deleniti enim doloribus esse fugit.','1987-10-27 14:46:14'),
('601','1','1','Dolorum odio quidem laudantium voluptates. Facere ut et perferendis ut. Eaque quaerat nisi voluptate. Asperiores neque pariatur ut debitis eos explicabo.','1985-07-28 02:18:48'),
('602','2','2','Quam voluptatum quidem ipsam. Dolor maxime dolorem laboriosam et consequatur eum ut. Tempora aut consequuntur quasi quia magni iste vitae.','2005-07-26 21:12:40'),
('603','3','3','Aut perspiciatis omnis et sed dolorem molestias consequatur. Aut inventore recusandae animi eos. Recusandae tenetur atque ab eaque ratione vel corporis.','2014-09-17 04:05:33'),
('604','4','4','Sunt fugiat inventore fuga perferendis autem. Quia sit reiciendis nihil quia repellat. Quaerat modi excepturi similique perferendis nemo error perspiciatis facilis.','1994-08-04 06:48:27'),
('605','5','5','Omnis atque amet natus quia et animi rem. Voluptatum perferendis maxime quaerat sunt omnis rem. Provident sit rerum ad. Sint nihil consequatur eaque suscipit cumque.','1985-11-14 21:58:52'),
('606','6','6','Nihil mollitia rerum quia ab ex quae. Dolor consectetur est tempore autem esse.','1978-03-30 12:03:27'),
('607','7','7','Placeat quia consequatur porro. Ipsa cumque explicabo et quo libero. Inventore enim sunt consequatur dignissimos.','1991-08-24 14:58:42'),
('608','8','8','Occaecati veniam distinctio repellat. Omnis quae neque culpa iure qui libero et ducimus. Repellat ut itaque non sit. Sapiente necessitatibus culpa eveniet.','1996-05-30 07:19:45'),
('609','9','9','Ipsum repellendus non sit. Ipsa et modi eaque numquam sit nihil exercitationem sit. Omnis repellendus nostrum veritatis distinctio delectus nam corrupti eaque.','1983-04-10 07:48:09'),
('610','10','10','Aut laborum officia itaque in. Et optio tenetur ut perferendis aut perspiciatis. Ea et consequatur exercitationem dicta totam iusto repellendus. Et aut eos eius dolorem ipsum.','2004-05-18 16:24:02'),
('611','11','11','Tempore architecto eum quo libero est distinctio est nostrum. Vel autem vero voluptas laborum optio. Ut nemo cum cupiditate facere asperiores consequatur ut voluptate.','1995-08-29 20:18:49'),
('612','12','12','Necessitatibus consectetur illo qui qui. Vitae quo fugit eum odio. Exercitationem perferendis nihil iste earum est inventore.','2015-11-12 19:54:45'),
('613','13','13','Quia asperiores dicta nisi. Odit incidunt sed porro dolore. Illo non est doloremque necessitatibus dolores ut. Iste non vel voluptas recusandae amet.','1970-06-13 06:48:27'),
('614','14','14','Labore nihil architecto ducimus rerum. Expedita voluptatibus dolorum architecto autem. Nam maiores eaque molestiae consectetur consequuntur qui dicta. Eos quis dolores ex voluptas est. Blanditiis et quo illo.','1992-04-03 20:19:17'),
('615','15','15','Enim odio aut quisquam. Voluptatum ut velit nam quo rem deserunt. Dolor facere cupiditate modi doloribus asperiores quia. Incidunt voluptates facilis id quos tempora.','1986-10-15 12:16:41'),
('616','16','16','Iusto qui voluptas sunt occaecati in. Mollitia consequatur fuga natus consequatur ducimus beatae provident. Quis reprehenderit molestiae a. Qui ab distinctio est facilis iusto expedita ullam.','2019-11-25 21:50:42'),
('617','17','17','Ullam ut qui ut. Voluptas minima quaerat aliquam et mollitia rerum architecto. Alias et ut corporis consequatur doloribus.','1977-01-03 23:15:51'),
('618','18','18','Voluptas non ut quia voluptas totam magnam harum. Veritatis modi voluptate perspiciatis recusandae quasi rerum. Est tempora laudantium odio mollitia repellendus possimus voluptas.','1997-07-09 20:07:43'),
('619','19','19','Inventore enim consectetur voluptate nam consequatur nam ducimus. Rerum voluptatum temporibus consequatur consectetur ut perferendis quis. Officiis odio omnis neque sit eos. Totam quia quo omnis quod.','1989-08-27 23:58:34'),
('620','20','20','Rem hic recusandae inventore modi omnis eos. Ut voluptate omnis eligendi ducimus.','1980-10-27 04:23:15'),
('621','21','21','Doloribus a pariatur eligendi ut omnis. Vel quia provident nobis impedit. Odit ratione quo impedit ut. Aliquid officia at magni autem et perferendis.','1994-06-01 19:45:42'),
('622','22','22','Aliquam incidunt quos rerum molestiae atque et illum. Facilis optio mollitia eos voluptatum eos sit. Sit odit dicta et aut quo.','1975-05-15 16:04:58'),
('623','23','23','Sit quis consequatur est ad. Totam sunt corrupti est non et nulla laboriosam sint. Quas et facilis eaque hic tempore ut.','1991-03-18 01:37:20'),
('624','24','24','Exercitationem aliquid voluptatibus ut exercitationem amet. Aut porro quia dicta voluptatem. Veritatis qui esse voluptas ipsam eos tempora est.','1987-05-31 17:42:10'),
('625','25','25','Explicabo aut consequatur quis asperiores et rerum. Sint suscipit a odit officia vero nulla. Consequatur quae quos voluptatum illo eveniet.','2003-11-04 15:30:26'),
('626','26','26','Repellendus quod nihil placeat nobis. Quo sequi officia consequatur ut ducimus. Doloribus magni et occaecati dolorum aspernatur. Non est debitis temporibus qui maxime.','1970-02-22 08:49:15'),
('627','27','27','Tempora ab accusamus dolorem est voluptatem illo. A harum quam aut.','2002-10-30 16:49:12'),
('628','28','28','Neque in sint nihil qui nulla quaerat ut. Est in nam ut iste eligendi. Suscipit odit modi ad est at ut.','2006-03-05 15:54:25'),
('629','29','29','Sit explicabo quae molestiae dolor voluptatem iste. Non accusantium quasi natus consequatur et totam. Enim quia voluptas corporis aut architecto consequatur hic. Architecto consequatur consequatur est incidunt labore.','2002-07-09 15:26:12'),
('630','30','30','Quidem ipsa voluptas voluptatem nihil eveniet impedit reiciendis. Libero nam et iusto fuga. Ut voluptatem sit odit veritatis nihil.','1982-09-14 19:33:31'),
('631','31','31','Impedit maiores vitae sed quo et. Qui modi ut exercitationem magnam laudantium. Impedit ea ut autem distinctio enim et rerum. Nulla corrupti eos sunt.','1972-09-15 07:52:47'),
('632','32','32','Dolor corporis aut animi. Placeat voluptates vel soluta sunt. Ut consequatur ut mollitia corrupti fugiat qui. Aut totam ut nostrum. Qui sit debitis corrupti iure natus et.','1992-07-30 03:09:51'),
('633','33','33','Dignissimos modi rerum iure nihil eaque. Qui assumenda deleniti omnis accusamus odio ad. Maiores quo sunt et ut blanditiis quas a. Ullam et et qui.','2007-06-06 02:38:28'),
('634','34','34','Eaque omnis dolor sit maxime est ducimus exercitationem. Fugit porro repudiandae natus magnam dicta. Fuga assumenda ad deleniti.','2008-08-30 01:37:29'),
('635','35','35','Atque ex impedit quia fugiat sint earum. Non dolorum error aut tenetur vel. Aut quaerat eaque voluptas odio.','1992-01-02 17:06:16'),
('636','36','36','Ut modi sequi eveniet ut. Temporibus iste quisquam ex dolor repudiandae sit. Laborum dolorem cupiditate eveniet. Laboriosam ipsum id omnis deleniti nostrum blanditiis.','2004-08-30 22:38:04'),
('637','37','37','Nulla ea voluptatum adipisci eveniet. Veritatis officia error aut ipsum aut amet. Non molestiae voluptates qui ut id deserunt voluptas. Ut impedit repellat qui perferendis quisquam rerum aut.','1997-02-01 19:57:00'),
('638','38','38','Voluptates numquam voluptas cumque sint laborum nobis sit. Est dolores quibusdam velit tempora tempore omnis. Accusantium et dolor quae velit.','2011-09-07 10:48:34'),
('639','39','39','Eaque atque distinctio aperiam ut. Sunt deserunt veniam harum officia. Distinctio maiores magni velit eveniet ipsa. Molestiae est explicabo quia repellat debitis voluptatum dolorem et. Aliquam qui nihil ut molestiae voluptatem voluptate sequi.','1974-08-18 18:33:11'),
('640','40','40','Nostrum deserunt dicta ratione et a inventore. Eaque et a et quia. Officiis earum ducimus rerum. Vero quia qui qui ut placeat commodi.','2005-07-08 06:24:09'),
('641','41','41','Voluptates omnis dolorem cum veniam necessitatibus consequatur. Eveniet cumque laborum iste. Debitis repellat autem sed repellat itaque modi voluptatem.','1981-06-29 19:25:01'),
('642','42','42','Veritatis voluptate pariatur qui quasi facere omnis. Itaque quo excepturi aliquam eum nihil sed. Voluptas numquam maxime laboriosam temporibus velit facilis quo vel.','1984-04-07 09:51:47'),
('643','43','43','Quisquam ad ipsum quod soluta debitis alias ut possimus. Quia iste accusamus natus eum. Dolores temporibus similique qui voluptas nihil dolor provident. Distinctio veniam cum ipsam.','1982-11-25 17:32:57'),
('644','44','44','Ipsum quibusdam consectetur rerum consequatur eligendi. Nihil et minus consequuntur et voluptatibus. Commodi quae illo nesciunt aut nisi deserunt rerum. Adipisci libero numquam quos eos.','1972-05-03 08:55:25'),
('645','45','45','Consequatur quis reprehenderit quasi eos dolores. Repellendus fugiat error alias natus. Reprehenderit perspiciatis dolores aut consectetur dolores quo nihil rerum.','1977-12-19 00:04:46'),
('646','46','46','Natus reprehenderit natus perferendis excepturi vel soluta. Doloribus ut magnam ipsam voluptatem porro hic velit. Dignissimos quas ut exercitationem hic temporibus perspiciatis at.','1997-03-25 04:41:49'),
('647','47','47','Aut qui numquam aliquam debitis. Eos libero ab dolorem enim voluptatem adipisci debitis. Quia maxime ullam voluptates voluptates ratione quos nemo ipsum. Iure itaque illo voluptatem dicta quia nihil.','1972-09-29 08:44:28'),
('648','48','48','In quasi molestias mollitia debitis ipsam. Accusantium voluptatem blanditiis ut et laborum. Quaerat maxime optio tenetur illo. Voluptate molestiae laudantium sapiente voluptatum voluptas rem dolorem mollitia.','2014-02-10 09:35:34'),
('649','49','49','Pariatur sed voluptatem laudantium ut. Similique non eligendi eos libero consectetur eos. Delectus tempore libero tempora. Eum dolorem qui et et id omnis non.','1974-01-13 14:49:15'),
('650','50','50','Aut facere facilis et vel. Asperiores quos similique est facere est. Dolores quos reiciendis vitae.','1993-09-02 12:26:39'),
('651','51','51','Consectetur alias ut exercitationem totam velit. Non perferendis voluptatem qui placeat itaque. Qui deserunt quaerat asperiores voluptas et. Odio molestiae accusantium dolores aut hic sit pariatur.','1976-12-01 17:04:35'),
('652','52','52','Reiciendis vero autem officia. Sunt harum aliquam similique ex similique eum aut laboriosam. Sint ipsam sit quia iste.','2015-01-20 22:34:43'),
('653','53','53','Nemo doloremque occaecati illo omnis modi praesentium ut. Ab ab voluptatem rerum aliquam aut quia incidunt. Magni quidem tenetur ab itaque magni. Est eaque nobis nobis dolore omnis inventore error et. Adipisci earum iusto ad commodi est modi.','1977-02-25 19:12:32'),
('654','54','54','Non illum aut odio unde ut doloremque culpa error. Id tempore ut perferendis laborum voluptatem veritatis inventore repellat. Id et repudiandae molestias omnis. Sint ipsum numquam mollitia nesciunt.','2002-02-18 22:53:36'),
('655','55','55','Molestiae dolor dolorem facere. Dolor incidunt corrupti temporibus in dolorem. Quia dolorum laboriosam laborum repudiandae similique necessitatibus excepturi nesciunt.','1999-01-01 16:47:07'),
('656','56','56','Distinctio voluptatem dicta nobis vel. Illum voluptatibus necessitatibus aut iure dolore quasi sint. Eveniet repudiandae consequuntur nihil quia officia dolores et.','1981-04-03 03:03:30'),
('657','57','57','Rerum et itaque laboriosam aut ducimus. Perferendis non mollitia neque architecto sed praesentium rem ut. Magnam eius numquam aspernatur sint.','1988-05-12 04:33:18'),
('658','58','58','Aperiam possimus quas et vero vel. Saepe eius excepturi doloribus dolor maiores autem deleniti. Possimus eum omnis voluptates rerum aut velit veritatis. Ex earum nihil reprehenderit voluptatem odio et.','1972-03-12 14:33:37'),
('659','59','59','Qui et iure perferendis voluptas. Quia id quas cupiditate non. Qui aliquam sed qui.','1986-08-24 17:21:28'),
('660','60','60','Et et quibusdam id enim sed. Magni totam quibusdam quia beatae autem illo. Recusandae blanditiis alias repellendus animi quia adipisci tempore. Officiis aspernatur velit praesentium.','2003-06-16 11:51:33'),
('661','61','61','Odit ea sed et voluptatum. Excepturi velit facere nisi accusamus. Quaerat explicabo vitae ut repellat molestiae optio. Et eos placeat molestiae eos alias et.','2008-10-07 19:12:42'),
('662','62','62','Facilis occaecati possimus ipsa aliquid ipsa culpa. Voluptatem est voluptatem voluptatem ad. Laboriosam sint amet aut in eos repellendus consequuntur. Suscipit quis maiores quo labore modi praesentium.','1994-08-25 16:16:37'),
('663','63','63','Non esse qui voluptatem id sint atque eligendi. Iure porro sed iusto fugit occaecati illo. Molestias asperiores nobis soluta laboriosam aperiam nulla.','1987-08-05 01:47:02'),
('664','64','64','Omnis veniam porro sed consequuntur. Velit inventore reiciendis et. Nulla sunt eos quia dolorem atque eius.','1983-06-28 18:03:17'),
('665','65','65','Saepe sint reprehenderit ea occaecati magni aliquam. Et minima nulla quos alias possimus accusantium autem. Aspernatur dolores aut placeat reiciendis velit.','2004-04-23 02:31:50'),
('666','66','66','Nobis ad voluptas ea ea quia nulla. Reprehenderit vitae totam mollitia dignissimos. Eos et nihil animi non. Voluptatem quia repudiandae quidem et enim ea. Totam fugiat aut error sit.','2013-12-21 06:21:51'),
('667','67','67','Perferendis eius officia ea quo. Quia consequatur maiores ut velit sint. Nostrum nostrum qui tempora asperiores nihil ipsum ratione eos.','2000-03-12 04:44:45'),
('668','68','68','Et quis nobis sit nobis autem. Totam expedita officiis rerum et aut maiores. Architecto repellat sequi dolorem harum et magni est. Quo cum aliquam omnis harum inventore non. Sunt et sed quidem odit et voluptatem.','2008-12-11 12:32:25'),
('669','69','69','Veritatis voluptatem quia reprehenderit voluptatem quam rerum. Occaecati perferendis ea ut nam officiis. Quo maxime numquam et fugiat illum rerum.','2013-02-05 03:43:31'),
('670','70','70','Velit sit ea alias et. Voluptatum ab doloremque reiciendis atque possimus. Eum consectetur quia est dolores ipsa amet architecto.','2008-11-23 09:13:49'),
('671','71','71','Eius sit fuga perspiciatis quo officia. Non cumque cum natus quis et.','1994-09-27 18:47:57'),
('672','72','72','Est quis modi quam est natus. Vel harum incidunt voluptatem reiciendis sapiente autem. Quidem aspernatur voluptatem sed harum eaque.','2001-09-04 00:42:27'),
('673','73','73','Accusantium vel aut deserunt incidunt aut non. Voluptatem aut in ratione in vel voluptatem.','2018-10-28 02:36:55'),
('674','74','74','Ad rem a soluta pariatur omnis iusto. Vitae illo voluptate voluptatem fuga id placeat illo. Repellendus et ipsam velit consequatur.','2003-08-17 03:04:29'),
('675','75','75','Consequuntur numquam modi culpa consequuntur unde fuga. Autem recusandae eius optio repellendus itaque qui reprehenderit dolorem. Ut et et nesciunt ipsam. Voluptatem esse aperiam ut suscipit facere sed fugit. Voluptatem a quasi eaque consectetur molestiae.','2001-08-30 10:27:59'),
('676','76','76','Rerum est libero corrupti. Repudiandae sint illum corrupti amet ea. Aut asperiores rerum ut et quia odit.','2019-11-18 13:55:28'),
('677','77','77','Et similique ut labore minima. Omnis nobis qui incidunt impedit aliquid. Quam dicta sed dolor molestiae. Soluta perspiciatis voluptas itaque aliquam.','2009-09-09 05:36:33'),
('678','78','78','Molestiae quam sapiente culpa. Fugiat dolores voluptatum illum impedit et. Rerum et voluptatem consectetur dolorem voluptate sunt non.','2002-01-31 16:54:11'),
('679','79','79','Ducimus voluptas consequatur commodi. Maxime facilis velit quia corrupti ut at ea. Corrupti facilis esse sed voluptatem sunt modi.','1989-10-20 03:52:17'),
('680','80','80','Molestiae ea excepturi dignissimos officia. Deleniti perspiciatis est voluptas praesentium est. Libero sint totam quod ut aliquid debitis vel iste.','1996-01-13 18:39:12'),
('681','81','81','Cum distinctio qui nam autem quaerat eos omnis veritatis. Totam alias fugiat voluptas. Qui perspiciatis repellat perferendis incidunt sint distinctio.','2001-01-23 07:34:19'),
('682','82','82','Eveniet delectus quibusdam a eos et natus. Alias consequuntur consequatur nostrum illum quas quia consequuntur nesciunt. Neque nam rerum ex reprehenderit officiis asperiores expedita.','2003-11-22 03:02:54'),
('683','83','83','Id dolorem rem distinctio aut dolorum cum iste natus. Minus maiores est reiciendis cupiditate aut id. Iure consectetur dignissimos tenetur eius est. Eum neque ut sapiente quod nemo voluptas.','2017-06-21 05:06:52'),
('684','84','84','Sed repudiandae necessitatibus beatae sit et accusantium voluptas. Ut natus rerum ab non dolor a. Doloribus sit et ea veniam. Ut ut perferendis et.','1970-12-20 05:05:28'),
('685','85','85','Sunt aut occaecati ullam et. Illo dicta et nisi nulla consequatur unde. Nobis hic qui nobis sequi quo. Ullam ut voluptatum placeat ipsam.','1988-11-24 21:12:09'),
('686','86','86','Id incidunt culpa eius sit. Est quia incidunt minus qui voluptatum quod. Magni rerum unde id fugiat consequatur rerum voluptatum. Facere asperiores eaque modi.','1976-07-04 04:58:28'),
('687','87','87','Aliquam exercitationem dicta reprehenderit quidem cumque nobis rem ipsam. Enim sint cupiditate ratione recusandae eos qui eaque consequatur. Corrupti commodi tempore earum nam id nam voluptas corrupti. Dignissimos est quis quisquam voluptas et fugit.','1999-09-24 06:32:23'),
('688','88','88','Et praesentium laudantium dignissimos nostrum aliquid ex voluptas occaecati. Illo et tempore officiis repellendus est ut dolore. Distinctio aut commodi voluptatem amet deserunt aut sed.','1990-06-05 14:35:00'),
('689','89','89','Deserunt autem consequatur sed. Accusantium temporibus et et dolores sint quisquam. Reprehenderit at quia reprehenderit et.','1986-04-08 00:01:39'),
('690','90','90','Quia voluptatem id dicta quia earum nemo ut. Aut odit placeat eius possimus reprehenderit impedit corrupti cumque. Magni sed ea nisi harum ut recusandae. Omnis soluta velit ut voluptas quod expedita.','1979-02-07 07:02:02'),
('691','91','91','Earum dolorem voluptatibus fuga veritatis mollitia et. Omnis assumenda id omnis et quia beatae. Tempora ut vitae nihil esse ut.','1972-12-20 02:01:54'),
('692','92','92','Sed at omnis sunt quia. Et omnis sapiente quae tempora.','1974-04-17 00:52:56'),
('693','93','93','Est porro fugiat eveniet molestiae dignissimos rerum blanditiis culpa. Nostrum necessitatibus et et. Porro corporis eius perspiciatis numquam tempore autem maxime. Amet inventore et pariatur velit ea aut quam.','1991-03-08 00:09:15'),
('694','94','94','Enim facere et quia veniam. Omnis ducimus dolore ea magnam facere sit qui.','1978-05-31 21:36:10'),
('695','95','95','Rerum suscipit animi minima quo non accusantium sit. Dignissimos omnis sed sint architecto similique excepturi neque. Nihil ut sed sit expedita suscipit natus.','1995-04-03 07:14:55'),
('696','96','96','Voluptas id quisquam et assumenda et quae ut. Beatae sint omnis possimus aspernatur reprehenderit velit veniam. Cumque error tempore similique in molestiae sit. Expedita autem veritatis labore aspernatur voluptatem et harum magni.','1998-05-24 02:37:41'),
('697','97','97','Sed vero consequuntur est asperiores nihil sint est nisi. Sint non qui quidem sit quia odit tempore. Officiis fugit delectus ut animi est.','1981-09-14 05:01:25'),
('698','98','98','Animi recusandae voluptatem odio incidunt. Maiores soluta iusto sunt et. Quis animi aperiam id aliquam.','2014-08-12 00:05:19'),
('699','99','99','Placeat odio perspiciatis vel distinctio natus omnis. Earum ipsum magni voluptate itaque. Vel autem est adipisci esse eligendi et quas.','1991-12-14 19:53:39'),
('700','100','100','Sunt ratione consequuntur ut libero minima. Possimus aliquid voluptatibus quos. Qui odit explicabo nulla voluptatum ipsam quo vel.','1990-12-11 07:05:50'),
('701','1','1','Sunt quas ipsa nemo facilis. Laborum labore temporibus atque. Id ut excepturi vel eveniet praesentium delectus nam.','2014-11-18 13:54:45'),
('702','2','2','Corrupti veniam sapiente omnis eos veniam quia excepturi. Voluptates officiis non nihil impedit temporibus aliquid. Vel dicta eum eius debitis odio necessitatibus quo. Ipsum enim quaerat quidem.','2011-02-19 01:21:48'),
('703','3','3','Doloremque ex cum corrupti occaecati maiores. Suscipit sit voluptas qui quia pariatur assumenda sint. Quos nemo rem reprehenderit voluptatum nihil occaecati sit est. Corrupti quis dolorem repellat laborum velit eos.','2015-04-13 13:49:47'),
('704','4','4','Aperiam ad et qui est. Quas numquam beatae quos doloremque ut ut minima. Magni sunt ipsa maiores aliquam vitae eos doloremque.','1988-05-28 19:09:57'),
('705','5','5','Perspiciatis saepe quam et corporis quae officia. Enim perferendis libero aut ut. Itaque culpa reprehenderit tempore id aut laboriosam sit. Sit non minus reiciendis nostrum incidunt sint veritatis aperiam. Sit et laudantium ipsum.','2001-12-30 03:34:32'),
('706','6','6','Ullam eum consequatur ut non maiores non et reprehenderit. Officiis velit qui laboriosam assumenda aut nam.','1980-10-09 14:33:14'),
('707','7','7','Suscipit facere sit assumenda minima harum ut. Asperiores qui consequatur vitae cupiditate facere. Eos dignissimos consequatur nihil dicta maxime quis inventore culpa.','2016-12-29 00:32:41'),
('708','8','8','A iste delectus nihil rerum vel optio sunt. Autem est modi occaecati cum sit mollitia libero amet. Sit facere sint voluptate hic consectetur harum. Delectus enim iste quis modi voluptate.','1975-11-04 02:16:41'),
('709','9','9','Id sed et sit libero deleniti omnis laboriosam. Et aperiam blanditiis aut vitae ea consequatur suscipit. In libero ipsum sit.','1979-07-15 11:24:31'),
('710','10','10','Dolores sed praesentium iste error explicabo occaecati et. Possimus perferendis quasi minima eius ad ea aut. Provident ad repudiandae pariatur ab molestias.','2011-06-04 14:00:46'),
('711','11','11','Nobis est cupiditate optio et. Occaecati magni debitis officia similique ab necessitatibus.','2012-04-04 19:57:53'),
('712','12','12','Est fugit veniam et ab reprehenderit et. Velit aut nobis qui et eius tempore et. A et quia saepe doloribus.','1994-11-01 04:14:27'),
('713','13','13','Distinctio aut qui nulla odit voluptatem. Dolores doloribus quaerat fugiat neque omnis. Id enim aspernatur impedit blanditiis.','1988-02-07 16:50:07'),
('714','14','14','Neque explicabo culpa aut ut. Quod alias nemo et sed voluptatum omnis veritatis. Odit vero quia quaerat exercitationem aut aliquam quasi. Illum iure odio voluptatum est fugiat non.','1977-04-23 01:02:54'),
('715','15','15','Aliquam tempora dolor nam aut. Et ut et unde dolorem sed consectetur. Minus aliquam non sit quas. Distinctio eum alias ad repudiandae fugiat cum eveniet.','1973-09-16 15:40:38'),
('716','16','16','Totam qui nemo quae quidem id asperiores ea aliquam. Accusamus vitae labore quisquam quam perferendis hic natus dolor. Unde et aut velit ipsum. Eos provident cupiditate in aut ut nesciunt est tempora.','1998-11-25 09:17:04'),
('717','17','17','Non quia veritatis quos animi ea est et. Quasi ut maxime quia ut.','1987-10-01 22:30:14'),
('718','18','18','Voluptatem sit eos qui. Aliquam impedit occaecati iure optio dolores. Quia vitae et in sapiente.','1998-05-20 13:27:30'),
('719','19','19','Non similique ab veniam. Et earum est rerum sint nam.','2010-03-17 08:16:54'),
('720','20','20','Tempora ipsam eaque vel quo porro magnam voluptatum. Ea tenetur ut pariatur aut et quis debitis. Esse culpa officia labore ipsum et aut. Perferendis quia provident quia quia beatae id labore.','1995-04-19 02:35:05'),
('721','21','21','Debitis dignissimos quaerat earum voluptas perferendis. Qui sit facilis ea rerum magnam et. Natus ut accusantium eos iusto. Ab odio aut recusandae iure. Laudantium nam ab at exercitationem odio sit ut.','1998-08-19 23:11:30'),
('722','22','22','Esse rerum quod et. Quo amet et officia aut dolor qui. Ut atque sapiente impedit occaecati suscipit labore. Eos ipsa eos expedita veniam.','2017-08-21 15:22:15'),
('723','23','23','Accusantium perferendis magni aliquid earum quibusdam cum. Sint beatae occaecati ex laborum maiores beatae. Quod quae sed reiciendis molestiae eum qui. Similique et necessitatibus sint consequuntur consequuntur necessitatibus quam.','2014-04-24 07:13:46'),
('724','24','24','Et earum molestiae voluptatem aut unde aut labore. Iure quasi minus ut suscipit.','1994-08-21 21:01:44'),
('725','25','25','Impedit dolor consequatur quidem earum. Ab tenetur animi neque placeat. Officiis eius et possimus harum doloremque. Placeat odit quam velit dolorem repellendus aut.','1992-05-15 05:05:04'),
('726','26','26','Corporis rerum in iusto sed. Ut error repudiandae hic officia. Facere molestiae ut odit non dolorem et quasi. Libero eos debitis sed inventore rem nostrum consequatur et. Fuga architecto consequatur voluptates.','1973-07-14 18:51:17'),
('727','27','27','Deleniti perspiciatis ut et. Nobis et sed reiciendis qui voluptatem. Et voluptatem et nesciunt dolor recusandae. Quia voluptatem aut voluptatem fuga repellat deserunt. Aspernatur et quo voluptatibus et doloribus saepe inventore.','2012-04-01 18:21:42'),
('728','28','28','Eum aliquid minima enim esse corporis qui. Ratione numquam suscipit tempore ipsam. Non in perspiciatis beatae dolorem nulla quis. Non magnam culpa veniam.','1981-12-03 07:56:37'),
('729','29','29','Non saepe laboriosam excepturi quis autem omnis dolorem cupiditate. Cumque suscipit magni nesciunt quaerat ea.','1983-04-25 12:09:46'),
('730','30','30','Consectetur sit et deserunt non quibusdam natus voluptatum. Quis qui aut maxime incidunt sed soluta porro ipsam. Minus sunt sunt ab et maxime dolor consequuntur provident.','1982-01-25 18:02:34'),
('731','31','31','Illo et quis ad est. Corrupti doloribus odio saepe ratione natus accusantium harum. Architecto recusandae possimus dolorem cumque. Enim in iste ea non reiciendis.','1999-05-14 00:35:43'),
('732','32','32','Quia dolor quae laborum et odit. Porro odit qui quia laboriosam deleniti illo. Cumque exercitationem consequatur fugit molestiae repellat sed quasi est. Accusamus ut earum dolorum rerum sint quas quisquam esse.','1989-10-13 07:59:52'),
('733','33','33','Repellat fuga dignissimos sit ullam sed rem. Exercitationem atque unde consectetur magni esse. Qui et qui totam reprehenderit illum. Officia vitae ipsa minima quaerat ex sed possimus sunt.','1991-09-19 07:57:46'),
('734','34','34','Est et ex placeat in voluptas tempora. Nemo vitae vel voluptatem aliquid. Quia beatae sint temporibus odit magnam.','1971-06-20 09:28:07'),
('735','35','35','Officiis minus perferendis voluptas et mollitia suscipit. Fugiat earum nulla ipsum praesentium totam. Rerum dolores iste dolore accusamus et. Quis aut et repellat.','2016-03-29 17:18:59'),
('736','36','36','Explicabo aut sed laboriosam aspernatur dolores rerum et dolorem. Tenetur exercitationem consectetur delectus eveniet quisquam.','2000-06-04 08:48:22'),
('737','37','37','Accusantium at deserunt assumenda nulla aut qui. Vel eligendi tempore labore cumque ullam repellendus sint. Laboriosam quod explicabo quidem sit vel et vel. Nobis sit officiis autem delectus nemo eveniet a cumque.','1978-04-27 13:38:28'),
('738','38','38','Eos ut ut earum. Quae id illum dolorum dolor officia accusantium. Fugit cumque et aut omnis corrupti.','1988-03-05 14:33:06'),
('739','39','39','Accusantium ea id molestias omnis provident. Autem est voluptatibus sit cumque nostrum est nesciunt vel. Laboriosam placeat ut iure rerum enim maiores. Ducimus et culpa quis quisquam sapiente.','1994-01-07 08:06:42'),
('740','40','40','Doloribus est rerum dolorem dolorem qui quisquam. Nulla dicta veniam sit sunt voluptatem. Porro reprehenderit omnis consequatur. Accusantium tenetur nam reiciendis.','2009-06-21 18:53:57'),
('741','41','41','Consequatur expedita repellat qui qui earum est numquam. Et assumenda nostrum velit et. Laborum neque cupiditate cum autem autem dolores.','1992-10-11 11:18:54'),
('742','42','42','Aspernatur illo molestias eos illo molestias sint ullam atque. Et ut blanditiis error quia. Doloremque est sapiente repellendus ut assumenda aut. Est officiis dolor tenetur ipsa.','2019-09-11 00:34:37'),
('743','43','43','Unde dolore qui voluptates similique similique neque deleniti. Tempore quia laborum labore magnam libero nobis neque est. Quasi facilis nihil minus voluptas est. Atque culpa ut ut voluptate odit.','2007-04-08 13:00:32'),
('744','44','44','Vel voluptate ipsam adipisci aliquam molestiae quasi quis quis. Voluptatum enim tempore maxime nobis fugit. Eum tempore quasi itaque ut itaque et impedit.','1998-03-23 18:14:43'),
('745','45','45','Culpa et aut itaque vel expedita ut. Et dolores velit cupiditate sit perspiciatis.','1972-11-19 02:10:52'),
('746','46','46','Quis dicta similique voluptatem praesentium. Nesciunt ex voluptatibus consequatur ex amet debitis. Accusantium vel et placeat fuga.','1989-12-19 01:06:30'),
('747','47','47','Ut placeat dolores nihil corporis commodi. Tempore illo mollitia impedit ducimus beatae voluptatem. Dicta debitis ex quia at. Magnam amet autem incidunt excepturi odio natus.','2015-09-12 00:48:33'),
('748','48','48','Qui qui distinctio nulla velit incidunt quas sit. Dolor delectus iste id itaque tenetur. Assumenda in numquam illum itaque veritatis qui.','1993-09-27 17:37:59'),
('749','49','49','Et reprehenderit natus illo voluptatem assumenda ullam et. Ab quia suscipit ex odit sunt minima. In ut et est qui accusamus.','1996-02-21 22:22:43'),
('750','50','50','Quis autem debitis quo quibusdam quia totam nisi. Sequi repudiandae voluptatem dolores. Sunt in dolores recusandae sapiente.','1975-09-23 21:15:23'),
('751','51','51','Officia velit et numquam in similique est dolores. Quis unde ullam itaque cum. Nostrum sit ut quo commodi alias. Unde sed reprehenderit maiores maiores a quo et.','1970-01-27 04:26:31'),
('752','52','52','Ea quod repudiandae quis temporibus. Deleniti dolorem repellendus magnam cum tempora animi atque qui. Perferendis quisquam saepe laudantium veritatis laboriosam expedita. Voluptas et numquam sit tenetur sunt numquam.','1993-04-10 03:44:11'),
('753','53','53','Odit consequuntur harum maxime natus fugit iusto. Officia nam sapiente quo quia laudantium. Voluptatem et tempore ea perspiciatis nobis omnis. Dolorum voluptatem veniam nihil est exercitationem.','2002-11-10 00:56:10'),
('754','54','54','Autem voluptate ullam explicabo. Ab aut quo non amet. Et nisi et adipisci inventore eos.','1972-05-30 22:06:03'),
('755','55','55','Est a occaecati temporibus tempora alias. Error quasi voluptatibus et aut ad. Maxime aliquam iure dolorem asperiores ut et minus. Rem dolor et quia et temporibus enim temporibus.','1984-10-06 14:00:41'),
('756','56','56','Odit nobis commodi dolor illum. Dolorem velit doloribus nam iste. Similique ut et illum maxime dolores aut. Et nesciunt dolore alias sint atque earum.','1992-04-20 08:22:47'),
('757','57','57','Laudantium accusantium asperiores debitis et at. Quaerat vitae beatae aut perspiciatis natus. Qui tempore impedit autem ipsam ipsam. Cupiditate vel autem voluptatem optio dolorem deserunt.','2007-12-13 06:45:08'),
('758','58','58','Ut accusantium nihil rerum in. Corporis nulla error aperiam magni. Rerum reiciendis sequi incidunt sit et. Enim commodi molestiae molestiae ut vel assumenda.','1975-11-01 11:16:44'),
('759','59','59','Quis accusantium optio recusandae voluptas suscipit et. Amet ipsam modi sed et modi nulla.','2008-09-24 07:36:37'),
('760','60','60','Consectetur distinctio perferendis ad neque numquam qui. Cum necessitatibus ut non inventore atque. Expedita laboriosam repellendus officia dolores. Voluptatem minus quam omnis odit alias. Dolor earum ullam tempora facilis saepe quod.','1987-12-14 15:45:23'),
('761','61','61','Quaerat nulla eos rerum consectetur vel vero eaque. Modi labore nisi ut dolores ut. Iure dolores possimus rem sed. Adipisci voluptatem qui officia quibusdam quis dolorum quo. Qui officia unde et quia provident perspiciatis odit.','1981-09-19 20:29:33'),
('762','62','62','Beatae dolorem quia tempora fuga eum et sint. Rerum dolorem voluptas quasi quia reiciendis aliquid. Et numquam est alias itaque eveniet deserunt sunt. Est qui sit rerum est ut molestias.','2003-03-30 13:18:07'),
('763','63','63','Eaque facere possimus sint ea recusandae sit. Est et non facere aliquid quo voluptatem ullam. Maiores omnis quis sunt consequatur. Ut mollitia rerum earum culpa eligendi.','1974-02-03 20:23:15'),
('764','64','64','Repudiandae itaque aperiam rerum nulla et quia aut. Autem aliquid quos eos sapiente rem optio nobis. Quibusdam neque distinctio tempora veniam aut. Iure ut sapiente architecto explicabo doloremque illo sed deserunt.','1973-01-17 09:19:58'),
('765','65','65','Commodi totam est minima eius commodi sit quos. Aspernatur deleniti voluptas et quia exercitationem. Ullam aut nam qui esse asperiores ea esse nobis. A molestiae velit cupiditate quisquam.','1978-12-01 23:07:34'),
('766','66','66','Blanditiis voluptatem voluptas commodi rem ratione. Eligendi et nobis velit sunt possimus.','1991-09-22 01:31:57'),
('767','67','67','Totam aperiam assumenda dolorum est velit amet modi explicabo. Est aut adipisci officiis et. Vitae et ut debitis est.','1999-06-23 16:23:15'),
('768','68','68','Dolorum culpa magnam aperiam qui. Nesciunt et et nesciunt enim cum est assumenda est. Cum laboriosam eaque sed soluta rerum deleniti.','1991-03-29 11:49:58'),
('769','69','69','Iusto laboriosam et ut velit aut rerum voluptatum. Est eaque fugiat aut consectetur. Eos odit et ipsum voluptates assumenda velit praesentium. Autem porro ut atque.','1973-10-04 12:55:02'),
('770','70','70','Iste quo id quaerat consectetur voluptatum tenetur. Libero distinctio odit minus quos dolorem dolore dolorem. Eligendi explicabo nihil impedit eveniet possimus.','1985-12-23 13:43:31'),
('771','71','71','Autem odit quasi magnam et perferendis laudantium dolorem est. Recusandae nobis earum nemo qui illo aperiam. Molestiae quia veritatis fuga doloremque asperiores quia iusto.','2004-03-03 00:14:29'),
('772','72','72','Qui nam delectus inventore animi. Fugit iusto voluptas consequatur in. Deleniti ipsa aspernatur blanditiis.','2000-05-31 08:53:33'),
('773','73','73','Dolorem recusandae voluptatum ea consectetur rem dolor. Sint eos recusandae amet veniam in nisi.','1986-08-31 16:46:56'),
('774','74','74','Dicta nihil repudiandae odio facilis beatae optio. Quo porro eveniet ducimus optio. Alias consequatur mollitia dolore doloribus.','2016-03-19 21:20:40'),
('775','75','75','Ipsa explicabo in est. Illum saepe animi dolore deserunt nemo voluptate. Aliquid sint facilis iusto nesciunt. Dolorem nesciunt nisi quia. Vel expedita rerum dolores maxime molestiae.','2013-11-06 13:11:19'),
('776','76','76','Sed pariatur tenetur quis deserunt facere. Rem sit assumenda quis voluptatum et velit iusto. Officiis accusamus voluptatem voluptatem.','2010-08-13 09:36:31'),
('777','77','77','Dolores ab voluptatibus ut consequatur ut minus facilis. Voluptatem labore voluptatem voluptatem quia ea. In tempora molestiae tenetur asperiores.','2007-07-25 11:30:13'),
('778','78','78','Voluptatum rem dolore dolorem sed nesciunt suscipit aut. Rerum sapiente placeat voluptatem sint temporibus. Voluptatem voluptate optio nisi ut voluptatem ab ut. Fugiat ut facilis quo molestiae molestias.','2018-01-05 02:48:19'),
('779','79','79','Illo officiis voluptas fugiat omnis magni ut debitis consequatur. Similique repudiandae voluptatem non magnam totam architecto est. Voluptatibus non perspiciatis quos consequatur.','2012-04-26 08:07:06'),
('780','80','80','Aut culpa eveniet veritatis autem. Est itaque illo possimus quis asperiores. At sint suscipit odio magni illo.','1971-05-18 05:25:52'),
('781','81','81','Quidem sunt blanditiis veritatis ipsum. Temporibus voluptas ut vitae et aliquid. Aut consequatur ratione corrupti aut debitis corporis. Dolore eum iusto perferendis sunt qui placeat ab.','1980-03-04 17:39:00'),
('782','82','82','Fugiat officiis similique iste et suscipit dolor. Quos blanditiis iste ad ratione voluptas doloremque. Culpa ut pariatur alias fugit.','1971-07-24 12:57:55'),
('783','83','83','Perferendis et voluptatem itaque. Est dolorem exercitationem pariatur exercitationem nihil molestias. Quod in omnis architecto sapiente mollitia perferendis sunt.','2010-09-10 04:25:34'),
('784','84','84','Molestias corrupti cumque consectetur minima voluptas. Sunt omnis at sit animi voluptate velit mollitia.','2011-11-23 12:40:45'),
('785','85','85','Nulla et sit et ipsum ipsa qui. Eaque dolorum quo dolor accusantium. Nostrum ut quia architecto nesciunt dicta fuga omnis.','1972-05-07 01:42:46'),
('786','86','86','Quam vero quia autem officia et ex. A eos ea dignissimos doloribus alias. Non ratione magni vel vel.','1988-05-27 00:56:46'),
('787','87','87','In voluptatem asperiores eos culpa. Et officia laborum deserunt in rerum. Sunt atque aliquam et odit.','1978-12-14 01:17:52'),
('788','88','88','Rem facere et officia ipsam et aut. Nisi ipsum qui voluptas sed. Rerum eos est veniam fugit architecto sit repudiandae. Sequi dolorum qui ipsa mollitia reiciendis ullam et.','1981-12-26 08:11:29'),
('789','89','89','Repellendus neque aspernatur eveniet. Id eum est officia vel. Numquam iure quibusdam suscipit nulla quisquam harum laborum. Placeat eaque quia voluptatum voluptatem quo voluptate.','2008-04-27 03:09:44'),
('790','90','90','Est doloribus voluptatum aliquam sint voluptatem. Fuga odit a dolore voluptatem et architecto. Saepe sunt ut molestiae ullam quo dolore.','2009-02-06 17:49:53'),
('791','91','91','Velit porro nulla ipsum sit dolores. Sunt illum omnis nihil suscipit non quo. Rerum autem inventore consequuntur molestiae officia ea. Voluptatibus at vel sequi occaecati id illo voluptates.','2016-05-22 13:23:25'),
('792','92','92','Autem et unde quia. Et accusantium corrupti dolore dolor. Rerum ut dolore inventore cupiditate.','1978-03-23 08:51:17'),
('793','93','93','Et enim nobis labore consequatur consequuntur est et. Quia voluptatem et quisquam aut odio vel voluptate et. Molestiae omnis est repellat nisi ea dignissimos quibusdam. Doloremque itaque et eligendi quos. Corrupti quo ut officia deleniti eum.','1973-11-19 16:18:08'),
('794','94','94','Sit qui est ut velit laboriosam ut. Animi dolorem ratione hic. Nihil qui quisquam qui numquam eum ratione velit.','2002-12-03 20:03:47'),
('795','95','95','Consequatur molestiae ullam veritatis dolorem. Rerum suscipit soluta aut ducimus eos. Facilis et dolores voluptatibus sint eius. Reiciendis blanditiis minima commodi voluptatem quas.','1978-07-30 01:54:09'),
('796','96','96','Praesentium aut incidunt nemo. Perspiciatis ex dolores itaque quo excepturi mollitia. In reiciendis esse vel voluptatem eos accusamus et facere. Et quos in mollitia nihil voluptatibus.','1982-03-14 17:58:44'),
('797','97','97','Error quibusdam deserunt laboriosam dolor ea fugiat. Quia qui sit quis ut aut libero. Maxime quas commodi deleniti assumenda omnis.','2003-10-31 04:06:20'),
('798','98','98','Molestias perspiciatis veniam et. Doloremque est sint omnis sed enim minima eius. Vel aliquid eos minima reiciendis.','1998-01-21 12:25:13'),
('799','99','99','Ducimus qui architecto doloremque voluptatem non voluptatem similique nihil. Qui consequatur nam expedita et. Inventore quibusdam sit dolorem in culpa voluptatem.','1986-08-13 21:11:04'),
('800','100','100','Impedit non qui et molestiae architecto ipsum. Voluptate qui quia assumenda minima vel quos. Est consequatur sapiente et fugiat quia sed quis minus. Nisi sapiente aut consequatur.','1983-12-09 06:40:01'),
('801','1','1','Aut exercitationem consequatur aut ut fugit corporis exercitationem. Vel nam eveniet aut est mollitia consequatur. Ullam dolorem ut nihil. Minima alias id magni vel debitis pariatur.','1984-10-26 11:56:33'),
('802','2','2','Est amet et aut qui dolorem. Quasi eligendi eos consequatur dolor debitis qui. Veniam voluptatem a natus aut temporibus enim quae. Nisi doloremque sit dolores ullam voluptatibus eius vel.','1988-01-09 13:43:09'),
('803','3','3','Corporis aut numquam omnis rerum nobis sed. Nobis illo asperiores quod voluptas. Quidem repellat dicta voluptates deleniti hic quo.','1988-09-05 23:17:49'),
('804','4','4','Exercitationem nisi aspernatur nihil quam pariatur aliquam. Voluptate corporis nulla eum eos soluta. Itaque doloribus qui id quisquam exercitationem. Velit omnis ut minima ut magni.','2008-02-25 01:41:20'),
('805','5','5','Nihil tempore molestias porro eius omnis eum optio. Aut odit in a. Excepturi maxime debitis aspernatur blanditiis error repellat repellendus. Ipsum eum dolorum et labore odio.','2000-11-20 18:33:48'),
('806','6','6','Ipsam molestiae laudantium sunt porro dolores esse. Dolor eligendi ratione molestias eveniet commodi aspernatur. Aut nihil quia ipsam. Repellendus ratione totam nihil. Tempora voluptatem vitae numquam incidunt enim.','2002-07-03 09:31:24'),
('807','7','7','Sit deleniti delectus laborum ducimus debitis. Explicabo possimus esse sit eligendi sapiente beatae. Ut rerum ut cumque consequatur magnam pariatur quis.','1973-05-14 01:05:13'),
('808','8','8','Sequi molestias unde non neque ad aut. Consectetur in distinctio molestiae aut rerum. Velit et nemo quibusdam dolores odit vero.','1978-07-31 11:29:02'),
('809','9','9','Nostrum repellendus quo qui facilis adipisci. Quo vero quo sunt voluptatem eos commodi voluptas. Accusantium perspiciatis eius rerum sequi. Qui sunt at enim est ut enim doloribus.','1971-05-20 03:57:33'),
('810','10','10','Sunt est odit nobis sed suscipit ea error. Est nesciunt et quis. Non provident molestiae id deserunt et.','1986-01-07 09:25:48'),
('811','11','11','Et iste ut et omnis molestiae ducimus saepe. Mollitia aliquid et similique eos neque. Porro dolor aut qui neque et vitae in. Dolore error magnam omnis quo eaque quo.','1982-01-24 22:59:07'),
('812','12','12','Ut rerum recusandae corporis soluta. Facere ex deserunt dolorem ut libero ducimus. Est sed rem voluptatem neque.','2001-04-18 17:36:02'),
('813','13','13','Quis eius qui voluptates perspiciatis. Quisquam et neque natus. Quidem maiores autem voluptate laborum. Fuga sit ut reprehenderit ea sunt minima debitis. Soluta rerum eum dignissimos.','1992-08-23 13:15:51'),
('814','14','14','At eos corrupti animi similique magnam omnis similique sunt. Ut dicta nulla nulla quae. Minus suscipit similique eum quia eligendi molestiae iste. Omnis eum fugit corporis amet ex.','2017-10-17 05:08:28'),
('815','15','15','Sint vel cum id aliquam omnis voluptatem. Accusantium molestias sit rem iure. Aperiam cumque suscipit amet in cupiditate. Labore deleniti ipsum dolores cum nam.','2013-10-09 11:37:43'),
('816','16','16','Incidunt consectetur ea rerum facere dolorem voluptas ut. Excepturi vel doloremque est alias consequuntur ipsam qui. Tenetur tempore eligendi ducimus velit alias. Aut quis reprehenderit dolores excepturi hic consequatur autem.','1985-05-06 21:21:16'),
('817','17','17','Ad ducimus excepturi voluptas maiores error. Laborum et ullam et soluta laboriosam dolores. Voluptatem nihil maiores porro voluptas corrupti quas. Magnam eum et ea voluptatem.','1985-05-31 00:21:11'),
('818','18','18','Quidem sit velit et excepturi sapiente porro repudiandae. Nostrum quos dolorem beatae perspiciatis dolores veniam quos quibusdam. Eius quia commodi enim non quia facilis voluptas quisquam. Itaque et reprehenderit quaerat autem sint commodi aperiam ut. Qui assumenda officiis consequuntur quia.','1995-10-30 21:54:20'),
('819','19','19','Voluptatibus tempore animi laboriosam nihil similique tempora dolorum ducimus. Dicta quis temporibus dignissimos nulla eos aut. Fugit possimus eos sit aliquam aspernatur officia.','2016-10-28 10:27:16'),
('820','20','20','Est quibusdam sed quia. Adipisci sit dolorem et dolore minus. Sunt nisi explicabo ea omnis est autem atque dolorum. Est animi voluptas voluptatibus impedit commodi.','2006-08-17 12:23:40'),
('821','21','21','Dolor laborum et hic pariatur facilis ipsum. Sunt ratione voluptates earum in omnis sed. Hic libero sequi earum eos. Neque maiores earum ut et et corrupti.','1974-01-04 03:04:40'),
('822','22','22','Nihil sed ratione ut tenetur numquam. Et natus accusantium aspernatur maxime enim sint. Ut ex qui quidem sint nihil.','2012-03-11 03:18:32'),
('823','23','23','Tempore esse dolorem vel magni. Eum et porro repellat odio minima aliquam numquam. Omnis autem perspiciatis voluptas recusandae sed vel sed.','1970-09-26 08:08:38'),
('824','24','24','Molestias voluptatem consequatur eius exercitationem. Ut hic veritatis corporis porro incidunt natus. Mollitia ut facilis facilis fugit recusandae ut. Culpa omnis in explicabo itaque voluptatum accusamus tempora.','1979-12-02 13:01:35'),
('825','25','25','Autem error omnis saepe. Non illum est consequuntur soluta praesentium earum aperiam nisi. Voluptates natus ea ipsa et veniam rerum rerum.','1986-09-22 08:17:03'),
('826','26','26','Ipsam velit magnam esse recusandae deserunt incidunt. Aliquam omnis velit quos laudantium. Libero omnis corrupti et.','2016-10-12 05:10:49'),
('827','27','27','Qui ratione voluptas aut alias provident rem minus. Quas veniam maxime ab consequatur alias. Exercitationem sint id vel vero.','2000-05-07 05:23:03'),
('828','28','28','Eveniet et et pariatur qui consequatur. Dolores doloribus voluptas odit vero necessitatibus doloribus. Necessitatibus voluptatem ut minus.','2010-08-02 00:03:10'),
('829','29','29','Quia consequatur rerum voluptates animi. Possimus maiores aspernatur voluptates qui aut maxime. Et in molestiae ab omnis earum eos.','1999-12-09 19:51:18'),
('830','30','30','Delectus iure repudiandae ipsa aliquid et. Tenetur sunt qui cumque et quisquam molestias. Voluptatem laborum autem repellendus illum facere omnis. Iste consequuntur qui nulla non eveniet eaque.','1989-03-16 00:39:57'),
('831','31','31','Nulla rem quia aperiam exercitationem fugit. Quia eaque facere consequatur ut quia est consequuntur et. Exercitationem et est temporibus molestiae unde laudantium iusto. Nemo nihil eius dolores possimus qui eaque repudiandae quis. Id dolorem quos odit vel aliquid architecto ea.','1992-04-28 00:37:58'),
('832','32','32','Consequatur quis sit voluptatem non neque. Voluptatibus expedita doloribus rem exercitationem temporibus est vel. Minima consectetur ut nemo. Facilis voluptas est ut voluptatibus placeat. Non sint ut nemo et itaque deserunt.','1988-03-05 05:49:47'),
('833','33','33','Qui tenetur est iste magni sit nihil. Nihil non dolorum accusantium eligendi eos aut qui velit. Quos dolor explicabo eum autem ab nisi ut. Voluptas cum voluptatum at dignissimos itaque asperiores.','1971-01-25 01:51:19'),
('834','34','34','Numquam omnis autem doloremque sed. Facilis natus quis ut. Sunt sed aut voluptatem dicta vero quaerat reprehenderit. Est eligendi at ut et doloremque.','1979-02-15 15:41:07'),
('835','35','35','Aliquam earum soluta non omnis molestiae omnis. Sed dolor explicabo consectetur perspiciatis tempore. Alias nostrum beatae labore omnis numquam perferendis similique. Harum impedit est rerum omnis ut ut et distinctio.','1990-02-03 06:01:38'),
('836','36','36','Temporibus dolores nam fugiat quis ea. Est quidem veritatis quasi. Nobis voluptatem quae reprehenderit corrupti tempore aliquam. Quia quo sed quo expedita laboriosam amet delectus.','2007-04-20 01:56:33'),
('837','37','37','Ullam ratione aliquam ex vel. Voluptatum error rerum eveniet ipsam minima ut. Deserunt quis et dolorem nobis qui sit beatae.','1976-03-04 04:03:16'),
('838','38','38','A delectus debitis explicabo corporis occaecati. Culpa praesentium id voluptatem recusandae. Ut sit quia aut eos eum a.','1975-01-19 16:15:23'),
('839','39','39','Pariatur asperiores incidunt quam fugiat delectus dolor velit. Blanditiis dignissimos maiores nobis dolores ducimus. Harum quidem autem odio porro sit.','1978-09-17 20:51:38'),
('840','40','40','Et qui quidem quasi. Voluptas voluptatum laboriosam facere odio sit culpa at modi.','1981-04-10 16:03:14'),
('841','41','41','Doloribus et vitae aut facere beatae similique. Amet exercitationem nam possimus ducimus.','1995-09-11 16:02:22'),
('842','42','42','Dolores et quo et eligendi quam praesentium minus. Sed consequatur omnis expedita sit. Fuga tenetur et praesentium quo velit ad alias. Et et rerum quia minus numquam.','1979-04-14 07:51:02'),
('843','43','43','Perferendis beatae ex dolorum asperiores error magnam aut. Placeat nihil est fugiat non illum.','2002-06-29 05:54:16'),
('844','44','44','Voluptas qui voluptate minima praesentium accusamus. Praesentium aliquid libero sint voluptatem inventore eveniet sed. Repellendus perspiciatis accusamus atque asperiores repudiandae. Cumque perspiciatis dolorum dolores.','2012-03-26 03:36:11'),
('845','45','45','Hic libero sunt ipsam quis molestiae consectetur. Numquam dolor architecto cumque quo consequatur nobis. Accusamus et aliquam non.','2008-02-05 01:37:40'),
('846','46','46','Ex consequuntur neque commodi blanditiis animi ut sint. Illum consequatur ea deleniti quos aliquid. Corrupti exercitationem odit dolor earum quia illum minus.','2017-04-14 20:45:19'),
('847','47','47','Facilis debitis error iusto quia eum minus qui odit. Incidunt praesentium quae qui vel temporibus voluptas debitis. Sunt rerum ut nihil. Delectus officia ut ipsa repellendus aut. Repellat eos atque laudantium.','1980-01-25 11:10:34'),
('848','48','48','Quibusdam blanditiis explicabo molestiae culpa nostrum odio id. Aperiam reiciendis iusto voluptas delectus distinctio ullam. Aliquid fugit qui mollitia nemo voluptatibus.','2013-06-30 03:42:30'),
('849','49','49','Impedit sit non odio voluptas. Voluptatem accusantium voluptatem omnis nobis. Sit laudantium suscipit minus atque. Perspiciatis facilis ipsum vero asperiores accusamus aspernatur repellat.','1980-07-18 21:52:57'),
('850','50','50','Est veritatis maiores praesentium quod voluptas dolorem. Nesciunt est doloremque vel rerum cum et. Dolor vero unde voluptatem quidem est ducimus. Aliquam veniam et voluptatem quia culpa quia.','1990-01-14 10:32:50'),
('851','51','51','Unde ipsa qui facilis reiciendis odio tempora vitae. Aut vitae illum omnis soluta corporis in. Ad enim autem libero quia magnam officia eos. Eaque qui inventore adipisci voluptas eveniet.','1996-02-13 06:01:16'),
('852','52','52','Vel id pariatur fuga animi aut. Optio tenetur dolores qui eum. Necessitatibus tempora eveniet enim quia voluptatem. Ad ad minima culpa odit praesentium quibusdam. Harum nisi sit nemo non.','2013-09-01 13:16:54'),
('853','53','53','Praesentium sunt enim maiores excepturi et voluptas. Voluptas quo rerum blanditiis debitis aut voluptatem et. Aspernatur impedit sapiente quo vero expedita neque.','2008-04-23 20:40:38'),
('854','54','54','Ipsa reiciendis est quibusdam sit laudantium perferendis libero ex. Iure consequatur itaque exercitationem sequi. Dolore quia autem et voluptatem rerum at. Aut veniam rerum dolor doloremque.','1998-10-23 23:42:19'),
('855','55','55','Qui officia aut neque sed eius ipsa tempore. Sunt voluptatibus ut quidem dolores ut et. Rerum distinctio quidem quidem vero temporibus deserunt excepturi provident. Cupiditate ea enim et.','1976-09-16 17:07:04'),
('856','56','56','Et voluptatum qui beatae voluptate harum dignissimos enim ut. Occaecati in reprehenderit expedita corporis officiis minima. Expedita praesentium quia recusandae ut consequatur.','2012-09-18 15:31:55'),
('857','57','57','Dolorem itaque illo velit esse ut ipsum deleniti. Dolorum reprehenderit ut repellat quia quia vitae vel. Est numquam perspiciatis molestiae itaque molestiae ad.','1991-08-09 21:28:08'),
('858','58','58','Perspiciatis dolorem quia et eaque at. Enim aut et et.','1982-06-10 05:00:17'),
('859','59','59','Suscipit deleniti consequatur molestiae. Sed repellendus facilis nihil optio. Omnis fugit ipsam debitis qui animi. Et id quo itaque veniam neque.','1995-09-01 16:06:05'),
('860','60','60','Non saepe et nihil accusamus quis quia illo. Ullam molestiae ipsum magni ut. Aperiam ad dignissimos doloremque laborum placeat.','1996-08-24 00:02:00'),
('861','61','61','Ex ut id rerum. Est ducimus veniam qui. Quo autem dolor omnis molestiae ab nostrum et corrupti.','1989-04-17 22:59:06'),
('862','62','62','Sunt inventore iure ipsa. Incidunt possimus tenetur quae neque sit. Sed voluptatum molestias facere consequatur dolor sint. Molestias sed consequatur iusto placeat reiciendis odio.','1993-07-26 17:17:03'),
('863','63','63','Qui quis atque quis qui et consectetur. Et voluptatem unde corrupti est consequatur blanditiis.','2015-04-24 15:15:18'),
('864','64','64','Sed quis alias beatae. Quas officiis odit ad. Omnis qui qui nostrum unde at.','1985-06-09 17:44:38'),
('865','65','65','Doloribus autem tempora occaecati et explicabo. Est iure a mollitia. Quo ut et officiis ut dolor quia dignissimos.','1997-04-21 17:19:56'),
('866','66','66','Quis assumenda totam molestiae culpa qui sit cumque. Impedit ut sed iste ut vero. Beatae distinctio illum doloribus qui ex incidunt incidunt illum. Voluptatum et harum quod.','2019-06-01 05:10:12'),
('867','67','67','Consequatur ullam ut cumque vero veniam quos. Illo placeat in sit eius sed illo repudiandae. Dolorum est vitae aliquam iusto rerum necessitatibus. Laudantium culpa veniam vitae dolores commodi.','1975-12-11 21:42:54'),
('868','68','68','Qui porro mollitia sit quis. Illo sit labore qui praesentium nihil tempora perferendis. Illum eius sint ipsa eos sit.','1984-03-21 06:44:53'),
('869','69','69','Et enim temporibus aperiam voluptate officia esse aut. Odit mollitia voluptas qui nesciunt dolorem fuga aliquid.','2003-05-28 07:25:58'),
('870','70','70','Voluptas nam quia impedit et sit porro. Perspiciatis fugit dignissimos vero modi. Itaque natus saepe rem id eum sunt et. Illo aut sint omnis expedita soluta sapiente provident.','1982-02-14 16:30:30'),
('871','71','71','Qui accusantium fugit delectus saepe. Pariatur qui doloremque ab. Ut reiciendis deserunt provident doloremque et dicta.','2018-02-15 13:14:24'),
('872','72','72','Aut nobis nihil laboriosam officia. Et tenetur itaque iure ad sunt. Et dolor nemo sit sit qui. Quis omnis molestiae exercitationem sunt eum excepturi.','2015-01-01 16:44:42'),
('873','73','73','Aut ut laboriosam omnis blanditiis recusandae sunt. Nulla sit voluptas reiciendis sed. Dolore voluptates eveniet neque iure est. Aperiam veritatis repellat nisi quibusdam consequatur.','1974-08-19 19:24:46'),
('874','74','74','Quos et vero placeat eum ducimus. Exercitationem dignissimos ut consequuntur est ut. Sunt harum voluptas qui est. Minima mollitia aut dolor rerum.','1971-02-01 00:20:32'),
('875','75','75','Temporibus tempore nulla eius magni ipsum consequatur minima. Aut dolor minima ea. Sunt amet perspiciatis expedita facere cum deleniti dolorum.','1983-09-22 04:05:10'),
('876','76','76','Eius fugit veritatis aspernatur porro fugiat dignissimos. Quisquam quibusdam dolores tempora rem. Nihil iure molestiae nemo quam. Necessitatibus suscipit molestias pariatur qui qui ratione. Omnis vero magni voluptatem aliquid sit neque et vel.','1987-09-26 06:45:21'),
('877','77','77','Deserunt consequatur labore et inventore voluptatem. Voluptatibus voluptatibus culpa ut rerum libero error aliquid odit. Fuga possimus est quam rerum rerum suscipit accusamus. Rem repellat quo similique. Id sequi ad repudiandae non alias.','1970-03-25 11:42:27'),
('878','78','78','Debitis fugiat et eaque dicta veniam sint. Nemo quis voluptate aliquam maiores aut quas reprehenderit. Qui quod voluptatem sit amet sequi autem est rerum. Cumque enim recusandae totam consectetur.','1992-02-04 10:44:53'),
('879','79','79','Consectetur corrupti voluptates molestias omnis. Eligendi necessitatibus fugit omnis ipsam. Omnis velit recusandae dicta quasi. Consequatur ipsam quas nobis molestiae id qui.','1982-05-10 23:15:58'),
('880','80','80','Necessitatibus esse natus eum culpa enim sit. Cupiditate doloremque voluptatem corrupti voluptatem.','1991-04-23 09:49:29'),
('881','81','81','Est assumenda quis adipisci esse a. Et mollitia vel repellat quas voluptatem pariatur. Eos deserunt corporis eum ut est accusantium temporibus omnis.','1984-06-05 22:16:40'),
('882','82','82','Expedita consequatur maxime mollitia molestiae sint eum aliquid. Rem suscipit inventore quaerat. Omnis dolor illum provident debitis eaque. Molestias et tempora laboriosam hic minima.','1992-09-26 04:18:05'),
('883','83','83','Sed cum quaerat a est dicta animi et sed. Similique saepe aut enim voluptatem. Quasi repudiandae aut laudantium quia vel expedita. Non eius sapiente necessitatibus harum velit ut. Quia ut consequatur eos sit minima.','2017-12-26 08:26:53'),
('884','84','84','Non ullam accusamus inventore excepturi. Velit aut enim sit dolorem voluptatem enim libero consequuntur. Qui nemo voluptatem doloribus tenetur. Minus iusto facilis sed impedit quia et ut.','2004-02-28 17:26:51'),
('885','85','85','Ratione voluptates accusamus voluptas at omnis aut. Aliquam eligendi commodi totam deleniti fuga nihil amet eos. Quas omnis porro minus facere. Consequatur tempore odit quae aspernatur aperiam vel.','2013-06-04 16:39:01'),
('886','86','86','Maxime vel omnis autem ut harum. Et tempore sed aut eos numquam vel dolores. Ea magni voluptas autem explicabo error veritatis. Recusandae voluptatum molestiae doloribus quisquam voluptas id voluptas perspiciatis.','1987-12-01 20:41:41'),
('887','87','87','Consequatur aspernatur fuga recusandae eius error. Fugiat laudantium modi adipisci omnis neque culpa. Rem ut quas exercitationem sequi sed impedit. Voluptas tenetur optio illum ut sunt.','2010-12-16 07:20:25'),
('888','88','88','Quaerat quia sed praesentium. Eos sint dolorem corrupti expedita nesciunt. Totam quis aspernatur asperiores saepe aliquid et possimus. Voluptas eligendi aut et aliquid sint nihil magni.','1972-04-08 13:32:55'),
('889','89','89','Commodi maiores quis ducimus commodi fuga in. Saepe minima quo eum recusandae quasi. Ut aperiam veniam eum quasi totam a.','1981-04-20 16:13:19'),
('890','90','90','Aut laborum reiciendis dolores voluptatem occaecati quo sed. Est enim et ea quaerat voluptas et porro pariatur. Autem quisquam quaerat omnis.','1970-02-24 15:35:53'),
('891','91','91','Et illum nulla ut at aspernatur aut. Perspiciatis fugit quis quam eligendi incidunt. Iure amet debitis illo voluptatem fugit voluptas.','1995-04-19 08:27:43'),
('892','92','92','Iste voluptatem illo minus. Consequatur commodi rerum voluptatem corrupti totam temporibus earum. Et enim mollitia neque corporis. Deserunt architecto molestiae vel tenetur tenetur error. Corporis hic perspiciatis deleniti sint voluptatem quos.','2013-04-02 07:52:02'),
('893','93','93','Quisquam ut sit adipisci aut qui laudantium. In quas possimus ab similique rem assumenda voluptatem maiores. Enim excepturi voluptatem ut non. Ut et aut dolore asperiores est quos dolore.','1979-02-11 20:33:48'),
('894','94','94','Voluptas quam saepe non est debitis adipisci adipisci at. Rerum nisi expedita et quidem. Iure est est aliquam et placeat. Expedita velit placeat quam alias.','1975-10-18 02:21:20'),
('895','95','95','Occaecati minima inventore rerum dolor hic sed. Id ratione est et enim earum quasi veritatis. Officiis magni eum reiciendis doloremque id qui doloremque et.','1981-10-13 10:35:53'),
('896','96','96','Assumenda dignissimos reprehenderit tenetur temporibus commodi alias. Natus culpa consequuntur libero laboriosam. Sit veritatis qui quo quis eum inventore. Eos ut aut reprehenderit in totam.','1982-05-07 14:53:14'),
('897','97','97','In quas vero aut dolor laboriosam ut quia. Error eos inventore quibusdam deserunt sed eos. Et aliquid voluptate aut dignissimos. Aperiam blanditiis qui est quisquam quia.','1995-03-09 10:55:38'),
('898','98','98','Culpa voluptas modi expedita rerum. Fugit sit nesciunt impedit iure commodi laboriosam. Sed consequatur aut eum non praesentium. Aut voluptatum dicta deserunt accusantium quia sed.','2008-01-30 04:25:09'),
('899','99','99','Eius cumque excepturi in odio dolores. Neque eligendi suscipit est odit molestiae doloribus rerum ut.','2009-02-10 02:00:57'),
('900','100','100','Amet est ducimus blanditiis doloribus laboriosam est cumque. Voluptate enim saepe distinctio qui natus ipsum. Aut fuga aut repellendus rerum. Aliquam nulla inventore nam quia veniam sit.','1993-06-09 03:13:40'),
('901','1','1','Laboriosam aut qui quisquam dolores qui qui velit. Aut sit eum at autem quia magnam. Qui et pariatur accusantium maiores dolor iste aliquam.','2014-04-05 12:31:00'),
('902','2','2','Quibusdam id aliquam et aspernatur deleniti quasi quae. Non deleniti inventore laborum vitae et. Ad amet necessitatibus est reprehenderit rerum. Dolore aspernatur error voluptas at.','1990-07-02 09:54:29'),
('903','3','3','Soluta laudantium quia dolorem et fugit. Aliquam hic accusantium officiis mollitia. Earum id provident dolores reiciendis voluptas perferendis quo dolorem. Necessitatibus enim architecto esse molestias officia ipsam est.','2007-03-07 01:24:11'),
('904','4','4','Non aperiam voluptates nisi praesentium. Blanditiis vero provident beatae veniam fugiat aperiam. Laudantium totam enim facere optio quia dolorem labore.','2004-08-27 07:54:24'),
('905','5','5','Provident laudantium dolores quibusdam quisquam maxime qui. Id voluptas aut dolores vel. Rerum nihil soluta asperiores autem.','1992-02-06 03:31:08'),
('906','6','6','Quasi facilis blanditiis voluptate sint distinctio porro exercitationem. Aperiam quia libero sapiente a. Architecto modi aut sit ab magnam. Sit ullam nostrum necessitatibus cum.','1981-12-05 01:05:02'),
('907','7','7','Dolor deserunt voluptatem ut dolore. Et et natus minima. Quisquam vel rerum non sequi non eligendi laudantium.','1983-01-04 02:08:17'),
('908','8','8','Quaerat mollitia sit officia quasi sed aliquam. Quod dolores accusamus iure omnis.','2015-01-26 08:13:43'),
('909','9','9','Rerum eveniet officiis debitis laboriosam. Nam culpa omnis quia maxime ratione est sapiente. Doloremque itaque magni quidem magnam ipsum. Ipsa iusto ut officiis qui.','1996-03-05 12:49:55'),
('910','10','10','Enim non fugit error expedita illum. Consequatur velit sed ea est esse laudantium. Consequatur sit qui doloremque omnis.','1984-06-05 06:30:08'),
('911','11','11','Aut doloribus rerum numquam voluptatem vel nihil. Doloremque et molestiae deserunt. Unde deleniti sunt quia consequatur deleniti praesentium voluptatibus. Quasi cupiditate neque qui earum beatae hic atque et.','2006-08-30 23:31:40'),
('912','12','12','Eos ut dolorem aliquam aut. Magni dolorem dolorem qui. Laborum officiis sed est qui est nesciunt. Est corporis assumenda quisquam omnis porro magnam.','1999-09-12 07:12:19'),
('913','13','13','Exercitationem cumque perferendis temporibus illum occaecati quaerat. Ut libero qui rerum iusto ipsum quibusdam. Error aspernatur modi rerum dignissimos. Sint perferendis quia non debitis non minus quas et.','1985-08-03 02:04:14'),
('914','14','14','Sint quia nisi et quae. Voluptatem corrupti delectus quo non. Quae voluptatibus voluptate velit possimus voluptatem animi esse.','2002-05-18 09:21:00'),
('915','15','15','Omnis est in eum aperiam vel nam laborum. Illum quia quia aut dolores quo impedit ducimus occaecati. Neque ut voluptatem sint. Possimus voluptas repudiandae placeat hic repellat.','2004-05-06 20:28:17'),
('916','16','16','Sequi corporis voluptatibus sit facere nisi. Ullam deleniti voluptas sint. Delectus quasi eum et dolorem. Est fugiat eius cum quis dolore eum. Quod facilis consectetur perferendis voluptate sit ea laudantium.','1983-10-11 03:35:04'),
('917','17','17','Provident ut et dolorum delectus eos occaecati autem. Sunt doloribus voluptatem quo. Adipisci dolores iste accusamus velit aut non. Voluptatem libero in aut voluptatem ut possimus.','2011-12-02 17:38:10'),
('918','18','18','Ipsum eos dignissimos et et nostrum quam a. Nisi occaecati aut incidunt provident non ab. Id et adipisci voluptate non numquam maxime omnis.','1985-12-27 11:41:33'),
('919','19','19','Totam in et cupiditate quae. Et aut voluptas corrupti neque provident. Officia numquam consequatur quisquam suscipit optio est qui. Aut illo fugit molestias. Natus id suscipit qui odit similique.','1991-03-17 02:35:47'),
('920','20','20','Sint est iste veniam vero. Vero et dignissimos similique adipisci qui sunt neque neque. Eum autem consectetur doloribus ut.','2009-10-17 00:10:38'),
('921','21','21','Ex quisquam et laudantium dolores illum id officiis. Quia minima quo harum molestiae. Rerum quasi porro sint nam sed harum soluta corrupti. Ut rem cupiditate enim.','1993-07-20 08:26:02'),
('922','22','22','Quia facilis cumque commodi minima tenetur et. Iure minus sed pariatur et. Quisquam perferendis labore laborum.','1993-04-02 21:58:46'),
('923','23','23','Consequatur nam fugiat nihil eaque. Eaque aut quia et dignissimos est et laborum. Rem beatae dolor impedit fugiat corporis perspiciatis rerum.','1973-05-27 08:29:39'),
('924','24','24','Quas necessitatibus quidem eos similique et voluptas necessitatibus. Quibusdam iusto voluptatum voluptas velit fugit qui aut omnis. Pariatur cupiditate quo ratione sed beatae qui ipsum. Cumque similique velit sit.','1985-05-31 17:08:48'),
('925','25','25','Velit exercitationem laborum possimus architecto natus. Iusto nostrum accusamus non dignissimos unde facilis quia vel. Rerum in qui debitis.','2009-01-21 12:01:54'),
('926','26','26','Velit ut assumenda est neque. Sunt qui voluptates sed voluptatem. Tenetur dolores quasi ut veniam qui nemo. Sed eum ea mollitia facilis.','2002-11-03 09:59:43'),
('927','27','27','Facere et in natus quaerat eum et sed. Qui minus dolores iusto ratione temporibus. Dolore natus saepe ullam consectetur placeat ut.','1992-02-15 10:26:56'),
('928','28','28','Explicabo id magnam est omnis sed iusto. Neque voluptatem dicta id earum voluptates. Tempora odit dolorum quo at nulla. Modi consectetur sunt accusantium dicta autem.','2010-07-19 16:39:26'),
('929','29','29','Pariatur porro voluptas qui ut doloribus ullam et. Alias quisquam et odit. Sunt saepe et et ipsam. Consectetur sunt facere reprehenderit qui facilis quia ea.','2012-03-01 19:31:08'),
('930','30','30','Sit quidem tenetur error consequatur sunt. Perspiciatis non ut inventore excepturi non vel. Voluptate dolor beatae iusto tempore. Est itaque voluptatem odio quisquam similique voluptate. Ad itaque fuga libero labore.','1980-07-24 11:41:29'),
('931','31','31','Impedit inventore enim dolorum ut. Voluptatem totam soluta fugit ad incidunt facere.','2010-08-28 19:03:53'),
('932','32','32','Dignissimos quos a distinctio itaque eum et. Facere nihil et sint ut aut sit mollitia.','2012-11-15 09:22:58'),
('933','33','33','Odio minus vitae explicabo modi aut ipsam architecto sit. Mollitia aliquid autem eos fugiat voluptatem dolorem ipsa. Eos nemo doloribus error facilis debitis nesciunt. Similique culpa ipsam voluptatum fugiat autem fugiat aliquam amet.','2019-07-02 22:46:45'),
('934','34','34','Provident saepe et quis dignissimos alias. Et suscipit vel modi blanditiis deleniti accusantium. Ipsam quis laborum dolorum consequatur sit nesciunt sint eligendi.','2001-11-30 23:45:22'),
('935','35','35','Sapiente est qui exercitationem ut ad ea. Fugit incidunt ipsa numquam porro vel in.','1991-10-20 23:44:17'),
('936','36','36','Necessitatibus et voluptas possimus facere ullam sed consequuntur. Esse recusandae sunt delectus quis officiis. Optio deserunt quos iure voluptas officiis temporibus rerum. Dolorum consequuntur sed ad nobis numquam.','1983-09-29 06:32:22'),
('937','37','37','Aut velit accusantium commodi cumque architecto. Officia praesentium autem voluptate quis porro neque. Reprehenderit voluptas laborum quae eligendi iste qui unde rerum. Cupiditate modi nulla qui ut. Provident nisi amet magnam officia.','1975-09-29 22:59:00'),
('938','38','38','Soluta tempora culpa consequatur quos sequi sint. Minima qui nisi voluptas. Alias perspiciatis animi debitis soluta. Autem ut ut ducimus ipsa.','1983-11-07 16:39:56'),
('939','39','39','Ut fuga iste ullam fugiat quasi. Ratione illum porro voluptatem qui dicta ratione qui. Est delectus libero voluptate vel. Vitae enim necessitatibus blanditiis nihil corrupti sunt suscipit.','2015-05-25 09:10:38'),
('940','40','40','Voluptatem amet quia labore adipisci. Esse quos et eum laboriosam ipsa asperiores dolores. Fuga atque minima voluptatem nemo placeat. Perspiciatis dolor sed odit odio perferendis voluptatem. Aut architecto et at quasi voluptas soluta.','1997-10-24 04:10:51'),
('941','41','41','Molestias et quo eos id quam voluptatem. Qui molestias vel ut similique qui. Saepe vitae omnis sed vel eum aut amet quasi.','2014-09-20 11:21:46'),
('942','42','42','Ut dolores sed nulla neque totam a qui. Maxime nam est at odit. Quam numquam laboriosam tenetur fugit. Pariatur eligendi eos et consequatur labore.','2006-08-22 04:57:08'),
('943','43','43','Dignissimos iusto reiciendis ut iste quasi eum vel. Nesciunt fugiat non tenetur velit. Sint iure tempore aperiam accusantium labore repellendus.','2002-10-21 21:32:15'),
('944','44','44','Voluptatibus et et vitae et. Commodi nemo iure dignissimos quis blanditiis aperiam molestiae. Similique accusamus qui blanditiis.','1993-06-11 22:06:58'),
('945','45','45','Quia minima est impedit. Perferendis optio neque sed voluptatibus aut explicabo. Voluptates qui omnis et nemo consequatur aut velit.','1995-02-25 22:04:59'),
('946','46','46','Unde natus facilis consectetur harum est totam ullam. Magni aliquam aut omnis nulla.','1987-07-07 13:01:28'),
('947','47','47','Dolor vero occaecati qui maxime quidem possimus similique. Ut sint id beatae. Suscipit nesciunt minus non explicabo porro culpa et. Voluptatem sit repudiandae et. Aliquid esse est suscipit autem quibusdam quia sunt.','2001-09-09 20:12:36'),
('948','48','48','Nulla doloribus excepturi dolor veniam. Corrupti est vel ut odit sint debitis. Rem sapiente sit optio aliquid placeat eos voluptatem. Asperiores ut veniam laborum.','1982-03-02 01:51:37'),
('949','49','49','Sint earum fuga eligendi nobis dolores at alias. Voluptatum soluta rerum aliquid recusandae ut est dignissimos nesciunt. Ut iure minus sint ex aut placeat voluptas. Iure veniam ullam et. Est architecto voluptate ea blanditiis ea neque.','1993-06-19 02:30:13'),
('950','50','50','Minima ex consequuntur tenetur quod. In veritatis commodi minima officia voluptatibus libero voluptatem. Eos id similique minima velit nam est.','2012-11-08 11:00:12'),
('951','51','51','Aperiam accusamus quam aliquam quia. Eos quod assumenda eveniet nihil enim maxime. Modi temporibus minima officiis debitis. Velit aspernatur vel dolorum ut deserunt omnis commodi numquam.','2013-03-20 12:00:09'),
('952','52','52','Iure minima debitis facilis consequatur incidunt ut iste. In eius veniam ab animi ea sed. Inventore commodi impedit incidunt alias. Aliquam odit perferendis voluptates dolorem quos eos.','2018-10-19 06:15:54'),
('953','53','53','Animi suscipit optio optio aliquid id autem dolorem. Sit aliquam qui suscipit soluta consequatur. Quos fugiat rerum non. Quod perspiciatis aliquam id suscipit natus rem quia. Quaerat aut nisi sit vel porro aut est.','1975-11-16 01:56:19'),
('954','54','54','Ut nobis ratione nemo non dolorem ipsam. Dignissimos veritatis est architecto quaerat quia. Consequatur accusamus autem tenetur minima.','1999-09-17 08:45:18'),
('955','55','55','Quisquam perspiciatis quia velit quam ducimus sed ullam. Consequuntur saepe in nobis iste.','2016-11-07 06:08:33'),
('956','56','56','Non est perferendis perspiciatis expedita quia error sint dolorum. Provident nesciunt qui ut ducimus quo nam. Autem quidem incidunt eum inventore harum. Aut dolor ut commodi deserunt.','2018-10-27 13:25:15'),
('957','57','57','Rem blanditiis tempora quidem occaecati cumque. Sed molestiae at omnis in eos quasi. Vitae perspiciatis ea voluptatem quas eaque nulla consequatur. Iure aliquid reprehenderit perspiciatis laborum iure fuga.','1990-04-03 02:20:56'),
('958','58','58','Consequatur alias dolore et at delectus. Omnis est aut non corporis autem vel. Neque saepe quidem libero voluptatem suscipit fugiat qui. Dolorem quae non inventore.','2006-04-06 14:30:46'),
('959','59','59','Voluptatum enim alias accusantium officiis et atque sint. Ipsum eos nam expedita odio ad sunt. Eos fuga provident quia qui in at.','2011-08-17 02:06:52'),
('960','60','60','Odio perspiciatis non similique placeat numquam voluptatem rerum. Rerum voluptas consequatur doloribus reiciendis reiciendis. Facere aut voluptas tempora unde. Consequatur et consequatur consequatur id.','1985-03-18 14:06:47'),
('961','61','61','In id ea ut repudiandae voluptas et. Neque non quia assumenda sint possimus. Mollitia sequi velit rerum voluptatum non reprehenderit accusantium. Odio et sit eveniet et aut esse et.','1987-04-07 10:06:33'),
('962','62','62','Nobis culpa vitae voluptate consequatur omnis quidem. Hic a recusandae velit voluptates sunt iste. Eius ipsum mollitia illo consequuntur quo mollitia quo.','1991-10-18 12:13:31'),
('963','63','63','Sit ipsum vel minima ipsum et. Odio quia rem nostrum reprehenderit a quia. Eos et dignissimos rem quis atque.','1995-05-02 07:22:35'),
('964','64','64','Ut voluptatem eius qui enim ut consectetur. Recusandae quae unde porro hic. Aliquam in minima rem quia illum ut sed.','2012-05-28 06:19:47'),
('965','65','65','Sit ducimus vero iusto provident nihil aliquam. Autem voluptatem consequatur consequuntur est. Aut illo ducimus aut dolor ea. Laborum quam nam quo error.','2002-06-03 13:09:13'),
('966','66','66','Molestiae culpa veniam nihil sunt occaecati. Rerum quo dolorum voluptates enim corporis deserunt. Aut dicta laudantium voluptas. Est facere eos qui repellat cumque molestiae quae.','1978-03-01 01:56:15'),
('967','67','67','Saepe et accusamus itaque corporis voluptatem. Optio deleniti id sunt qui magni. Perferendis quia vel ducimus rem eum. A architecto sint corporis ut. Doloribus accusantium temporibus dolores velit et.','2001-03-04 03:29:55'),
('968','68','68','Veritatis illum dicta id voluptatem eos. Esse nam enim eum omnis optio incidunt est. Magnam voluptas eligendi qui molestiae. Reiciendis dolorem aperiam sed quas.','1984-07-21 16:54:02'),
('969','69','69','Cumque id aperiam qui qui occaecati quam nihil. Blanditiis et minima doloremque at. Dolorem expedita repellendus cupiditate consequuntur quia.','2007-01-17 04:14:36'),
('970','70','70','Et nesciunt tempora qui rem. Ratione accusamus eos numquam non quidem minus. Earum pariatur officiis sunt porro qui cupiditate numquam. Veniam quo iste aut perferendis sapiente corrupti.','1990-03-05 02:53:52'),
('971','71','71','Debitis qui quis vel aut quo. Enim beatae deserunt consectetur.','2016-06-09 07:07:26'),
('972','72','72','In possimus voluptates distinctio eligendi facilis sequi. Voluptates sed ut debitis reiciendis.','1993-07-30 05:38:15'),
('973','73','73','Exercitationem maiores sed rem dolor aliquam. Sint veniam libero exercitationem laboriosam eum. Et sapiente ex numquam nostrum ut.','2013-04-25 05:46:32'),
('974','74','74','Illo provident sint consequuntur aut sed. Autem quibusdam placeat provident laudantium. Tempore sed illum aspernatur.','1971-05-28 17:20:20'),
('975','75','75','Reiciendis eos quidem sit possimus quia cupiditate facilis. Eius in vel dolore consequatur doloribus temporibus. Dicta autem quam consequuntur harum voluptates. Quidem quo omnis nisi rem.','1976-04-13 06:35:16'),
('976','76','76','Voluptatem consequatur corporis et debitis pariatur praesentium. Nisi omnis quia fuga consequuntur aut. A qui vero cupiditate illum autem. Exercitationem aspernatur excepturi amet officiis doloribus aut praesentium.','1978-04-28 06:30:02'),
('977','77','77','Nulla commodi ipsum necessitatibus vel voluptate ut. Doloremque asperiores quas temporibus est hic voluptatem qui. Dolorem cumque numquam atque et. Ipsa consequatur provident soluta amet soluta unde.','1988-12-14 19:01:21'),
('978','78','78','Aliquid magnam omnis repudiandae et. Vero tempore animi qui et ipsam. Suscipit facere et velit rerum voluptas.','1989-11-07 10:49:24'),
('979','79','79','Et nobis magnam assumenda voluptatum accusantium quo. Expedita dolores non molestias eius similique sit. Voluptas dolorem laborum quo at necessitatibus amet quasi et. Praesentium laudantium doloribus veniam amet est. Ut tempora doloribus aspernatur hic aliquam asperiores sed ut.','1974-08-07 03:49:06'),
('980','80','80','Sunt et nam fugit at doloremque sit. Reiciendis illum neque quo dolorem tempora fuga vel. Quam et sit culpa dolores aliquam. Perferendis voluptatem repellendus totam sint occaecati laudantium. Ullam quod aut fuga quis eos nisi.','1990-05-31 09:33:19'),
('981','81','81','Nesciunt aut enim aut ut. Et ratione eius accusantium consectetur dolore. Iusto natus ut omnis. Quia nihil sit consequatur ut labore.','1990-03-19 20:21:21'),
('982','82','82','Voluptatem nemo exercitationem earum aut voluptas iure ab. Blanditiis ea vero nisi natus minus beatae suscipit. Occaecati et et in nihil vel atque. Consequatur eveniet est natus dolorem. Vitae consequatur aperiam mollitia modi optio quibusdam eaque.','1974-10-17 11:49:29'),
('983','83','83','Eius eum fuga dolorum ea praesentium velit aspernatur. Minus et dolorum id alias aliquid voluptate et qui. Suscipit est eum eum assumenda velit. Molestias et ducimus ipsam illum non asperiores.','2010-01-13 11:10:36'),
('984','84','84','Esse commodi nam tenetur similique voluptas et esse. Quaerat sit sed necessitatibus blanditiis nihil error. Et eos ut quos est aut. Qui explicabo quis ut dicta ea.','2012-10-24 08:07:11'),
('985','85','85','Quibusdam velit quia sunt nihil id. Laboriosam nam illo et et ea. Laudantium quam voluptatem facere. Eligendi voluptates omnis molestias quo rerum asperiores. Qui nihil consequatur quia dolores.','1976-06-06 02:00:54'),
('986','86','86','Dolores quo consequatur magni blanditiis tenetur distinctio rerum dolor. Enim ut eum dolorum nam occaecati quos quis dolore. Ducimus veniam odio consequuntur magni blanditiis est.','2001-06-24 19:21:58'),
('987','87','87','Minima sapiente perspiciatis alias minus quidem quod et. Omnis dolore et impedit. Cupiditate rerum laborum itaque cumque in. Expedita voluptatibus error sint quibusdam aut libero autem.','1987-02-15 09:39:20'),
('988','88','88','Sapiente optio fuga nobis adipisci. Et nihil odit est delectus ut aspernatur fugiat. Libero earum rem optio qui ab id.','1972-12-11 19:25:47'),
('989','89','89','Ullam omnis aut non reiciendis velit impedit aliquid. Et et voluptatem asperiores et velit vel vel. Aut voluptatem nostrum et distinctio beatae architecto.','1974-09-29 00:44:21'),
('990','90','90','Iure voluptatem enim ea ut ea corrupti quas quidem. Sint voluptas iste et omnis rerum illum consequatur consectetur. Quod alias esse laudantium iure vitae cumque. Explicabo in praesentium dolorem facere.','1996-12-13 23:46:26'),
('991','91','91','Consequuntur voluptatem voluptas culpa quia accusamus quasi. Facere itaque ex doloremque corrupti ullam. Natus repellat architecto rerum nostrum et. Aut molestiae quia et sed voluptatum accusamus.','2007-05-30 15:43:23'),
('992','92','92','Animi adipisci et dicta sit. Ducimus quod eveniet occaecati aut perferendis. Saepe magni suscipit qui exercitationem velit aut esse hic.','2019-10-04 21:12:54'),
('993','93','93','Error repudiandae expedita rerum nihil nostrum alias odio. Sunt rerum explicabo reiciendis voluptatem assumenda. Temporibus minima et deleniti tenetur facilis incidunt quo. Iusto ratione maxime cupiditate et magnam praesentium id.','1996-07-29 01:06:37'),
('994','94','94','Amet aut ea fugit fugiat quidem ullam repellat. Consequatur animi quae voluptatem illum excepturi praesentium omnis. Aliquid a qui non sunt.','1980-12-10 02:27:49'),
('995','95','95','Cumque incidunt rerum repellendus vitae. Natus autem magnam vel quibusdam ad magni autem. Nemo itaque voluptates similique quos enim.','1988-07-18 08:44:43'),
('996','96','96','Ea iure eligendi fugiat facilis dolorem. Corporis iusto aspernatur nulla accusamus. Mollitia et distinctio iure debitis impedit.','1982-04-06 17:28:17'),
('997','97','97','Quas sint in tenetur architecto. Nihil itaque est ea cupiditate omnis est nam quasi. Eum nemo facere eveniet aliquid qui sapiente iste.','2008-02-16 01:41:21'),
('998','98','98','Aperiam consequatur perferendis reprehenderit est consequuntur. Veritatis ut ut corporis. At molestiae quod enim magnam voluptas voluptatem doloremque.','1986-04-02 04:35:01'),
('999','99','99','Id est quas impedit itaque corrupti. Natus nulla amet aspernatur soluta ea aut cumque. Sed sunt culpa doloremque enim eum magnam. Nihil omnis quia facilis delectus voluptas dolores.','1995-04-02 15:38:40'),
('1000','100','100','Officiis ipsa harum et qui consectetur aut. A dolorum sapiente nam laborum. Deserunt doloribus nostrum doloremque. Sunt sapiente et nihil doloribus voluptate laborum recusandae ducimus. Ipsa quae fuga placeat suscipit quod qui est.','1993-04-01 20:26:05'); 


DROP TABLE IF EXISTS `music`;
CREATE TABLE `music` (
  `id` bigint(20) unsigned NOT NULL AUTO_INCREMENT,
  `name` varchar(50) COLLATE utf8_unicode_ci NOT NULL,
  `author` varchar(50) COLLATE utf8_unicode_ci DEFAULT NULL,
  `media_type_id` bigint(20) unsigned NOT NULL,
  `length` time DEFAULT NULL,
  PRIMARY KEY (`id`),
  KEY `media_type_id` (`media_type_id`),
  CONSTRAINT `music_ibfk_1` FOREIGN KEY (`media_type_id`) REFERENCES `media_types` (`id`)
) ENGINE=InnoDB AUTO_INCREMENT=1001 DEFAULT CHARSET=utf8 COLLATE=utf8_unicode_ci;

INSERT INTO `music` VALUES ('1','rerum',NULL,'1','07:14:46'),
('2','sint',NULL,'2','09:15:43'),
('3','ipsam',NULL,'3','13:57:45'),
('4','aspernatur',NULL,'4','05:44:40'),
('5','nihil',NULL,'5','07:55:54'),
('6','ut',NULL,'1','20:54:52'),
('7','temporibus',NULL,'2','17:15:52'),
('8','debitis',NULL,'3','12:36:55'),
('9','est',NULL,'4','17:50:48'),
('10','vitae',NULL,'5','00:05:14'),
('11','corrupti',NULL,'1','21:55:13'),
('12','molestias',NULL,'2','04:58:23'),
('13','possimus',NULL,'3','18:13:31'),
('14','unde',NULL,'4','13:56:39'),
('15','qui',NULL,'5','21:14:59'),
('16','eveniet',NULL,'1','16:27:20'),
('17','sint',NULL,'2','20:21:18'),
('18','odit',NULL,'3','14:09:02'),
('19','et',NULL,'4','23:51:43'),
('20','cum',NULL,'5','02:29:56'),
('21','nulla',NULL,'1','00:04:36'),
('22','molestias',NULL,'2','20:24:17'),
('23','commodi',NULL,'3','13:33:31'),
('24','quisquam',NULL,'4','21:57:58'),
('25','quia',NULL,'5','07:45:01'),
('26','quam',NULL,'1','20:28:06'),
('27','est',NULL,'2','15:58:20'),
('28','in',NULL,'3','21:10:29'),
('29','suscipit',NULL,'4','14:25:00'),
('30','ut',NULL,'5','18:07:04'),
('31','non',NULL,'1','12:13:58'),
('32','eum',NULL,'2','22:37:45'),
('33','neque',NULL,'3','15:36:43'),
('34','in',NULL,'4','10:42:54'),
('35','non',NULL,'5','06:52:14'),
('36','exercitationem',NULL,'1','10:01:01'),
('37','molestias',NULL,'2','12:25:43'),
('38','totam',NULL,'3','17:19:12'),
('39','modi',NULL,'4','09:16:34'),
('40','beatae',NULL,'5','05:46:34'),
('41','dolorem',NULL,'1','08:01:02'),
('42','praesentium',NULL,'2','01:52:05'),
('43','quis',NULL,'3','14:48:45'),
('44','temporibus',NULL,'4','02:16:55'),
('45','ut',NULL,'5','02:34:26'),
('46','quo',NULL,'1','05:57:02'),
('47','cumque',NULL,'2','20:46:11'),
('48','ea',NULL,'3','14:47:13'),
('49','dolorum',NULL,'4','00:57:25'),
('50','ab',NULL,'5','07:59:47'),
('51','vel',NULL,'1','21:53:17'),
('52','ea',NULL,'2','06:57:37'),
('53','deserunt',NULL,'3','08:56:10'),
('54','sunt',NULL,'4','23:17:15'),
('55','non',NULL,'5','18:52:22'),
('56','quod',NULL,'1','02:41:23'),
('57','ipsam',NULL,'2','18:43:47'),
('58','iure',NULL,'3','22:25:47'),
('59','quo',NULL,'4','05:05:02'),
('60','aut',NULL,'5','22:25:56'),
('61','labore',NULL,'1','22:06:27'),
('62','quo',NULL,'2','15:26:57'),
('63','qui',NULL,'3','15:39:43'),
('64','autem',NULL,'4','01:03:48'),
('65','deleniti',NULL,'5','20:13:04'),
('66','hic',NULL,'1','20:05:22'),
('67','saepe',NULL,'2','08:56:34'),
('68','est',NULL,'3','07:16:38'),
('69','fugiat',NULL,'4','20:17:51'),
('70','recusandae',NULL,'5','13:44:59'),
('71','dolor',NULL,'1','18:32:29'),
('72','vitae',NULL,'2','06:49:01'),
('73','et',NULL,'3','21:57:00'),
('74','quia',NULL,'4','14:40:52'),
('75','non',NULL,'5','10:57:30'),
('76','et',NULL,'1','16:20:45'),
('77','distinctio',NULL,'2','08:46:05'),
('78','tempore',NULL,'3','00:49:24'),
('79','similique',NULL,'4','13:40:37'),
('80','rerum',NULL,'5','02:32:06'),
('81','dolor',NULL,'1','22:29:15'),
('82','adipisci',NULL,'2','05:36:55'),
('83','quibusdam',NULL,'3','04:04:57'),
('84','occaecati',NULL,'4','02:01:24'),
('85','similique',NULL,'5','19:37:55'),
('86','ut',NULL,'1','01:28:38'),
('87','vero',NULL,'2','05:14:18'),
('88','delectus',NULL,'3','17:44:14'),
('89','quae',NULL,'4','10:06:19'),
('90','qui',NULL,'5','23:13:06'),
('91','quidem',NULL,'1','13:23:49'),
('92','et',NULL,'2','16:05:06'),
('93','iusto',NULL,'3','14:33:33'),
('94','ipsam',NULL,'4','09:37:12'),
('95','voluptas',NULL,'5','21:01:38'),
('96','error',NULL,'1','16:01:43'),
('97','ipsa',NULL,'2','11:26:20'),
('98','cupiditate',NULL,'3','06:47:33'),
('99','dicta',NULL,'4','16:32:45'),
('100','libero',NULL,'5','23:16:23'),
('101','blanditiis',NULL,'1','09:52:32'),
('102','rerum',NULL,'2','23:05:26'),
('103','laboriosam',NULL,'3','21:51:44'),
('104','ex',NULL,'4','14:31:38'),
('105','rerum',NULL,'5','04:18:34'),
('106','molestias',NULL,'1','20:42:45'),
('107','eos',NULL,'2','03:46:17'),
('108','ex',NULL,'3','17:27:04'),
('109','a',NULL,'4','22:34:51'),
('110','consequatur',NULL,'5','13:43:06'),
('111','voluptatem',NULL,'1','02:10:03'),
('112','voluptatem',NULL,'2','08:47:21'),
('113','ea',NULL,'3','15:32:49'),
('114','facere',NULL,'4','19:17:32'),
('115','placeat',NULL,'5','17:05:33'),
('116','hic',NULL,'1','08:48:52'),
('117','placeat',NULL,'2','00:52:13'),
('118','sed',NULL,'3','03:10:04'),
('119','dolorem',NULL,'4','13:02:01'),
('120','et',NULL,'5','16:06:30'),
('121','numquam',NULL,'1','03:22:36'),
('122','voluptas',NULL,'2','14:55:46'),
('123','quia',NULL,'3','17:28:18'),
('124','quis',NULL,'4','13:18:19'),
('125','quia',NULL,'5','03:01:55'),
('126','facilis',NULL,'1','10:31:10'),
('127','a',NULL,'2','18:42:09'),
('128','molestias',NULL,'3','02:48:32'),
('129','cumque',NULL,'4','06:44:24'),
('130','aut',NULL,'5','11:51:40'),
('131','consequatur',NULL,'1','23:03:05'),
('132','voluptatem',NULL,'2','18:16:33'),
('133','maxime',NULL,'3','12:20:28'),
('134','et',NULL,'4','18:14:56'),
('135','ratione',NULL,'5','05:43:03'),
('136','atque',NULL,'1','20:07:50'),
('137','atque',NULL,'2','13:48:23'),
('138','esse',NULL,'3','01:43:12'),
('139','magni',NULL,'4','18:22:29'),
('140','molestiae',NULL,'5','12:44:08'),
('141','ea',NULL,'1','22:23:23'),
('142','aut',NULL,'2','01:52:41'),
('143','nisi',NULL,'3','06:21:38'),
('144','sed',NULL,'4','13:26:42'),
('145','assumenda',NULL,'5','00:05:14'),
('146','animi',NULL,'1','04:04:49'),
('147','eveniet',NULL,'2','04:30:57'),
('148','doloribus',NULL,'3','11:52:44'),
('149','blanditiis',NULL,'4','03:45:23'),
('150','quam',NULL,'5','17:45:30'),
('151','omnis',NULL,'1','11:25:51'),
('152','qui',NULL,'2','00:52:23'),
('153','illum',NULL,'3','20:51:09'),
('154','aut',NULL,'4','12:20:27'),
('155','vel',NULL,'5','17:51:59'),
('156','qui',NULL,'1','10:54:02'),
('157','facere',NULL,'2','21:32:36'),
('158','magnam',NULL,'3','10:28:04'),
('159','maiores',NULL,'4','12:52:23'),
('160','nihil',NULL,'5','22:25:18'),
('161','ut',NULL,'1','17:17:56'),
('162','veritatis',NULL,'2','20:15:19'),
('163','temporibus',NULL,'3','19:38:44'),
('164','pariatur',NULL,'4','23:50:46'),
('165','ut',NULL,'5','00:59:51'),
('166','eum',NULL,'1','19:38:22'),
('167','consequuntur',NULL,'2','16:53:30'),
('168','qui',NULL,'3','10:15:37'),
('169','magni',NULL,'4','09:27:32'),
('170','rerum',NULL,'5','20:24:18'),
('171','corporis',NULL,'1','18:12:29'),
('172','nihil',NULL,'2','15:06:18'),
('173','ullam',NULL,'3','21:14:51'),
('174','rerum',NULL,'4','06:38:39'),
('175','adipisci',NULL,'5','20:29:53'),
('176','quo',NULL,'1','08:18:56'),
('177','alias',NULL,'2','13:04:34'),
('178','et',NULL,'3','21:49:47'),
('179','error',NULL,'4','09:52:09'),
('180','velit',NULL,'5','03:31:27'),
('181','aliquam',NULL,'1','05:53:52'),
('182','sed',NULL,'2','13:00:34'),
('183','aspernatur',NULL,'3','20:55:02'),
('184','sapiente',NULL,'4','22:09:10'),
('185','sit',NULL,'5','03:15:45'),
('186','minus',NULL,'1','14:30:02'),
('187','voluptatem',NULL,'2','19:31:45'),
('188','atque',NULL,'3','13:58:28'),
('189','repellat',NULL,'4','10:17:50'),
('190','necessitatibus',NULL,'5','11:20:11'),
('191','culpa',NULL,'1','00:09:30'),
('192','in',NULL,'2','05:24:08'),
('193','sequi',NULL,'3','17:17:16'),
('194','natus',NULL,'4','17:49:20'),
('195','ut',NULL,'5','05:22:18'),
('196','ipsam',NULL,'1','13:01:29'),
('197','cupiditate',NULL,'2','12:47:18'),
('198','beatae',NULL,'3','00:06:43'),
('199','magnam',NULL,'4','15:15:50'),
('200','repudiandae',NULL,'5','21:00:46'),
('201','harum',NULL,'1','01:52:29'),
('202','tenetur',NULL,'2','06:13:26'),
('203','neque',NULL,'3','20:28:54'),
('204','et',NULL,'4','07:45:04'),
('205','consectetur',NULL,'5','01:06:12'),
('206','quidem',NULL,'1','16:22:58'),
('207','est',NULL,'2','05:38:00'),
('208','sit',NULL,'3','00:32:12'),
('209','non',NULL,'4','04:09:50'),
('210','qui',NULL,'5','08:24:06'),
('211','vitae',NULL,'1','08:40:38'),
('212','ullam',NULL,'2','19:59:32'),
('213','iste',NULL,'3','21:26:21'),
('214','non',NULL,'4','02:36:01'),
('215','ad',NULL,'5','13:14:25'),
('216','itaque',NULL,'1','07:58:22'),
('217','pariatur',NULL,'2','11:41:58'),
('218','alias',NULL,'3','12:31:59'),
('219','voluptas',NULL,'4','09:49:03'),
('220','ut',NULL,'5','18:43:02'),
('221','inventore',NULL,'1','07:26:52'),
('222','rerum',NULL,'2','21:49:17'),
('223','ex',NULL,'3','06:25:08'),
('224','itaque',NULL,'4','01:49:03'),
('225','odio',NULL,'5','05:18:09'),
('226','voluptatibus',NULL,'1','07:16:21'),
('227','non',NULL,'2','13:51:45'),
('228','voluptas',NULL,'3','10:08:26'),
('229','mollitia',NULL,'4','07:39:56'),
('230','suscipit',NULL,'5','08:23:58'),
('231','rerum',NULL,'1','03:28:11'),
('232','debitis',NULL,'2','09:37:59'),
('233','laboriosam',NULL,'3','07:23:07'),
('234','et',NULL,'4','10:30:25'),
('235','eos',NULL,'5','10:20:24'),
('236','accusamus',NULL,'1','04:11:44'),
('237','velit',NULL,'2','12:51:42'),
('238','ipsa',NULL,'3','23:11:13'),
('239','vitae',NULL,'4','15:42:53'),
('240','maiores',NULL,'5','16:10:31'),
('241','mollitia',NULL,'1','02:40:50'),
('242','laborum',NULL,'2','16:13:57'),
('243','tempore',NULL,'3','14:11:02'),
('244','sint',NULL,'4','15:46:23'),
('245','velit',NULL,'5','02:55:41'),
('246','et',NULL,'1','15:33:18'),
('247','nulla',NULL,'2','15:49:47'),
('248','qui',NULL,'3','18:21:07'),
('249','ad',NULL,'4','22:44:21'),
('250','aliquam',NULL,'5','19:10:03'),
('251','qui',NULL,'1','06:57:00'),
('252','optio',NULL,'2','06:51:07'),
('253','nihil',NULL,'3','10:57:54'),
('254','labore',NULL,'4','23:16:02'),
('255','consequatur',NULL,'5','03:18:41'),
('256','ducimus',NULL,'1','13:31:35'),
('257','qui',NULL,'2','12:32:34'),
('258','non',NULL,'3','03:14:44'),
('259','eos',NULL,'4','23:33:27'),
('260','aliquid',NULL,'5','14:03:47'),
('261','totam',NULL,'1','01:19:22'),
('262','illum',NULL,'2','15:51:17'),
('263','porro',NULL,'3','22:36:50'),
('264','perferendis',NULL,'4','01:11:07'),
('265','dignissimos',NULL,'5','04:29:29'),
('266','dolorum',NULL,'1','03:53:04'),
('267','cum',NULL,'2','23:00:55'),
('268','fugit',NULL,'3','05:28:40'),
('269','id',NULL,'4','03:21:18'),
('270','dolores',NULL,'5','12:09:06'),
('271','assumenda',NULL,'1','20:46:44'),
('272','est',NULL,'2','21:57:37'),
('273','ex',NULL,'3','17:24:58'),
('274','animi',NULL,'4','08:12:19'),
('275','eaque',NULL,'5','12:31:02'),
('276','et',NULL,'1','01:01:29'),
('277','amet',NULL,'2','23:47:48'),
('278','tempora',NULL,'3','02:39:11'),
('279','reiciendis',NULL,'4','18:50:20'),
('280','vel',NULL,'5','14:12:40'),
('281','ex',NULL,'1','12:52:42'),
('282','et',NULL,'2','05:21:31'),
('283','possimus',NULL,'3','06:27:16'),
('284','et',NULL,'4','03:30:59'),
('285','odit',NULL,'5','01:04:27'),
('286','molestias',NULL,'1','06:38:46'),
('287','optio',NULL,'2','03:03:00'),
('288','molestiae',NULL,'3','10:05:56'),
('289','exercitationem',NULL,'4','06:52:58'),
('290','voluptatibus',NULL,'5','05:40:17'),
('291','nihil',NULL,'1','08:18:37'),
('292','fugit',NULL,'2','05:02:46'),
('293','quod',NULL,'3','03:36:50'),
('294','deleniti',NULL,'4','15:34:44'),
('295','harum',NULL,'5','19:37:32'),
('296','dolor',NULL,'1','05:01:34'),
('297','rerum',NULL,'2','00:49:21'),
('298','aperiam',NULL,'3','03:26:10'),
('299','et',NULL,'4','15:40:16'),
('300','molestiae',NULL,'5','02:33:31'),
('301','excepturi',NULL,'1','17:21:39'),
('302','maxime',NULL,'2','10:42:52'),
('303','et',NULL,'3','01:50:18'),
('304','maiores',NULL,'4','09:19:55'),
('305','vel',NULL,'5','07:36:42'),
('306','id',NULL,'1','04:15:08'),
('307','sit',NULL,'2','00:03:13'),
('308','iste',NULL,'3','22:09:51'),
('309','nihil',NULL,'4','10:14:10'),
('310','fugiat',NULL,'5','01:53:39'),
('311','illo',NULL,'1','05:06:49'),
('312','labore',NULL,'2','06:37:09'),
('313','est',NULL,'3','02:26:27'),
('314','quo',NULL,'4','04:04:08'),
('315','doloribus',NULL,'5','00:21:34'),
('316','dolorem',NULL,'1','07:43:13'),
('317','consequatur',NULL,'2','18:40:05'),
('318','nesciunt',NULL,'3','05:10:58'),
('319','facilis',NULL,'4','18:08:36'),
('320','ab',NULL,'5','20:15:00'),
('321','unde',NULL,'1','18:17:10'),
('322','dolore',NULL,'2','12:28:33'),
('323','ducimus',NULL,'3','15:55:02'),
('324','accusamus',NULL,'4','14:04:56'),
('325','distinctio',NULL,'5','21:21:58'),
('326','dolorem',NULL,'1','05:52:54'),
('327','ut',NULL,'2','03:38:56'),
('328','corrupti',NULL,'3','22:51:24'),
('329','voluptas',NULL,'4','01:10:39'),
('330','nostrum',NULL,'5','04:46:18'),
('331','est',NULL,'1','04:52:50'),
('332','odit',NULL,'2','10:28:38'),
('333','quaerat',NULL,'3','21:37:35'),
('334','ut',NULL,'4','09:47:04'),
('335','et',NULL,'5','12:46:37'),
('336','voluptas',NULL,'1','15:05:55'),
('337','qui',NULL,'2','01:59:27'),
('338','at',NULL,'3','21:49:37'),
('339','voluptatem',NULL,'4','07:01:14'),
('340','commodi',NULL,'5','22:30:48'),
('341','et',NULL,'1','19:13:03'),
('342','aspernatur',NULL,'2','18:44:50'),
('343','enim',NULL,'3','19:52:24'),
('344','velit',NULL,'4','06:39:13'),
('345','officia',NULL,'5','23:31:22'),
('346','voluptatibus',NULL,'1','09:05:44'),
('347','aut',NULL,'2','02:25:46'),
('348','eum',NULL,'3','22:44:40'),
('349','id',NULL,'4','07:06:13'),
('350','est',NULL,'5','15:11:11'),
('351','sint',NULL,'1','15:27:37'),
('352','quas',NULL,'2','06:09:49'),
('353','autem',NULL,'3','18:01:57'),
('354','quo',NULL,'4','09:51:17'),
('355','blanditiis',NULL,'5','17:39:53'),
('356','beatae',NULL,'1','00:42:06'),
('357','molestias',NULL,'2','18:13:51'),
('358','natus',NULL,'3','19:38:43'),
('359','blanditiis',NULL,'4','00:15:39'),
('360','aut',NULL,'5','00:29:39'),
('361','rem',NULL,'1','23:35:58'),
('362','rerum',NULL,'2','07:08:13'),
('363','fugiat',NULL,'3','21:36:26'),
('364','tempora',NULL,'4','19:08:36'),
('365','vel',NULL,'5','14:44:35'),
('366','culpa',NULL,'1','08:04:31'),
('367','unde',NULL,'2','18:56:52'),
('368','a',NULL,'3','17:08:56'),
('369','occaecati',NULL,'4','18:47:49'),
('370','pariatur',NULL,'5','04:41:00'),
('371','excepturi',NULL,'1','21:55:27'),
('372','vitae',NULL,'2','09:18:01'),
('373','culpa',NULL,'3','15:20:02'),
('374','voluptatem',NULL,'4','13:27:24'),
('375','molestiae',NULL,'5','04:01:57'),
('376','fugiat',NULL,'1','13:09:00'),
('377','dolore',NULL,'2','15:34:30'),
('378','recusandae',NULL,'3','18:37:01'),
('379','animi',NULL,'4','18:38:54'),
('380','est',NULL,'5','20:54:40'),
('381','totam',NULL,'1','22:11:18'),
('382','accusamus',NULL,'2','17:45:42'),
('383','ratione',NULL,'3','15:26:12'),
('384','non',NULL,'4','06:01:57'),
('385','non',NULL,'5','08:56:56'),
('386','ad',NULL,'1','03:53:28'),
('387','expedita',NULL,'2','20:47:15'),
('388','autem',NULL,'3','19:32:58'),
('389','quibusdam',NULL,'4','21:54:20'),
('390','aut',NULL,'5','10:09:10'),
('391','id',NULL,'1','01:04:47'),
('392','deleniti',NULL,'2','12:38:28'),
('393','omnis',NULL,'3','23:46:10'),
('394','rerum',NULL,'4','10:49:38'),
('395','atque',NULL,'5','21:29:26'),
('396','et',NULL,'1','17:09:19'),
('397','rem',NULL,'2','19:08:13'),
('398','impedit',NULL,'3','11:29:12'),
('399','nulla',NULL,'4','16:29:29'),
('400','autem',NULL,'5','23:54:09'),
('401','suscipit',NULL,'1','18:01:58'),
('402','et',NULL,'2','11:04:21'),
('403','suscipit',NULL,'3','12:22:20'),
('404','delectus',NULL,'4','13:32:40'),
('405','pariatur',NULL,'5','06:43:57'),
('406','minus',NULL,'1','05:54:35'),
('407','in',NULL,'2','08:34:25'),
('408','illo',NULL,'3','03:45:13'),
('409','iure',NULL,'4','03:30:50'),
('410','maxime',NULL,'5','05:28:42'),
('411','perspiciatis',NULL,'1','14:41:07'),
('412','debitis',NULL,'2','22:16:01'),
('413','accusantium',NULL,'3','21:30:24'),
('414','eligendi',NULL,'4','23:44:32'),
('415','sapiente',NULL,'5','17:18:28'),
('416','occaecati',NULL,'1','14:28:47'),
('417','facilis',NULL,'2','10:19:25'),
('418','ut',NULL,'3','08:44:29'),
('419','libero',NULL,'4','06:18:26'),
('420','suscipit',NULL,'5','21:11:18'),
('421','sapiente',NULL,'1','11:07:18'),
('422','consequuntur',NULL,'2','22:34:00'),
('423','quam',NULL,'3','23:26:45'),
('424','quaerat',NULL,'4','23:33:18'),
('425','voluptatem',NULL,'5','11:37:47'),
('426','repellat',NULL,'1','20:21:30'),
('427','et',NULL,'2','21:17:57'),
('428','et',NULL,'3','10:52:36'),
('429','aut',NULL,'4','04:03:11'),
('430','illum',NULL,'5','08:53:08'),
('431','ut',NULL,'1','04:28:11'),
('432','sit',NULL,'2','08:54:01'),
('433','esse',NULL,'3','16:30:45'),
('434','fugiat',NULL,'4','20:18:22'),
('435','ut',NULL,'5','13:01:32'),
('436','amet',NULL,'1','02:13:59'),
('437','necessitatibus',NULL,'2','05:39:17'),
('438','earum',NULL,'3','02:35:20'),
('439','labore',NULL,'4','07:36:03'),
('440','rem',NULL,'5','20:46:15'),
('441','numquam',NULL,'1','20:32:18'),
('442','id',NULL,'2','19:49:09'),
('443','qui',NULL,'3','12:49:16'),
('444','voluptate',NULL,'4','17:21:59'),
('445','dignissimos',NULL,'5','09:24:02'),
('446','impedit',NULL,'1','23:36:15'),
('447','nihil',NULL,'2','08:33:03'),
('448','beatae',NULL,'3','12:45:43'),
('449','iusto',NULL,'4','11:03:18'),
('450','tempora',NULL,'5','22:23:37'),
('451','aut',NULL,'1','01:33:10'),
('452','quas',NULL,'2','11:44:56'),
('453','ullam',NULL,'3','14:11:04'),
('454','rerum',NULL,'4','23:46:33'),
('455','odit',NULL,'5','16:13:19'),
('456','pariatur',NULL,'1','16:40:05'),
('457','ea',NULL,'2','14:02:46'),
('458','ratione',NULL,'3','02:53:25'),
('459','recusandae',NULL,'4','13:29:35'),
('460','dolorum',NULL,'5','20:38:20'),
('461','dolor',NULL,'1','11:45:50'),
('462','iusto',NULL,'2','03:33:08'),
('463','repellat',NULL,'3','23:52:02'),
('464','ipsum',NULL,'4','17:47:03'),
('465','voluptatum',NULL,'5','01:41:44'),
('466','occaecati',NULL,'1','16:32:19'),
('467','esse',NULL,'2','03:31:52'),
('468','quos',NULL,'3','05:21:07'),
('469','id',NULL,'4','11:44:58'),
('470','sunt',NULL,'5','13:10:25'),
('471','sequi',NULL,'1','07:25:15'),
('472','vero',NULL,'2','03:50:59'),
('473','tempora',NULL,'3','08:10:31'),
('474','natus',NULL,'4','00:02:59'),
('475','voluptatem',NULL,'5','04:20:25'),
('476','et',NULL,'1','07:07:49'),
('477','voluptatum',NULL,'2','08:30:36'),
('478','autem',NULL,'3','11:11:32'),
('479','ut',NULL,'4','06:45:54'),
('480','eius',NULL,'5','14:53:30'),
('481','provident',NULL,'1','07:08:08'),
('482','id',NULL,'2','22:26:44'),
('483','labore',NULL,'3','15:56:57'),
('484','recusandae',NULL,'4','15:17:24'),
('485','nihil',NULL,'5','13:45:02'),
('486','aut',NULL,'1','10:10:33'),
('487','qui',NULL,'2','07:23:50'),
('488','tenetur',NULL,'3','22:47:54'),
('489','rerum',NULL,'4','00:22:14'),
('490','possimus',NULL,'5','08:25:05'),
('491','voluptatem',NULL,'1','09:01:22'),
('492','totam',NULL,'2','17:27:28'),
('493','praesentium',NULL,'3','00:58:06'),
('494','saepe',NULL,'4','02:15:43'),
('495','in',NULL,'5','22:05:54'),
('496','sit',NULL,'1','17:02:26'),
('497','occaecati',NULL,'2','14:35:33'),
('498','et',NULL,'3','04:55:04'),
('499','ullam',NULL,'4','11:00:00'),
('500','vitae',NULL,'5','23:25:03'),
('501','iure',NULL,'1','13:25:11'),
('502','ea',NULL,'2','01:48:29'),
('503','est',NULL,'3','14:10:58'),
('504','est',NULL,'4','23:42:17'),
('505','quisquam',NULL,'5','19:06:36'),
('506','fugiat',NULL,'1','16:38:40'),
('507','rerum',NULL,'2','10:38:16'),
('508','voluptatem',NULL,'3','09:03:04'),
('509','labore',NULL,'4','15:42:28'),
('510','provident',NULL,'5','07:36:27'),
('511','praesentium',NULL,'1','21:55:22'),
('512','omnis',NULL,'2','07:32:01'),
('513','nam',NULL,'3','08:58:07'),
('514','hic',NULL,'4','04:04:49'),
('515','nihil',NULL,'5','17:11:06'),
('516','aut',NULL,'1','11:36:05'),
('517','ut',NULL,'2','02:00:08'),
('518','dolorem',NULL,'3','20:24:33'),
('519','illo',NULL,'4','02:04:57'),
('520','dolores',NULL,'5','08:22:37'),
('521','assumenda',NULL,'1','02:49:39'),
('522','non',NULL,'2','08:34:31'),
('523','maxime',NULL,'3','04:38:14'),
('524','veniam',NULL,'4','22:11:30'),
('525','consequatur',NULL,'5','14:36:28'),
('526','nulla',NULL,'1','17:12:22'),
('527','et',NULL,'2','21:20:15'),
('528','facere',NULL,'3','16:28:13'),
('529','sit',NULL,'4','01:08:36'),
('530','voluptas',NULL,'5','04:38:29'),
('531','itaque',NULL,'1','23:17:07'),
('532','illo',NULL,'2','11:38:16'),
('533','quo',NULL,'3','04:47:48'),
('534','nihil',NULL,'4','03:58:48'),
('535','a',NULL,'5','01:54:05'),
('536','vero',NULL,'1','05:26:27'),
('537','vero',NULL,'2','14:34:34'),
('538','voluptatem',NULL,'3','13:05:56'),
('539','et',NULL,'4','23:48:12'),
('540','officiis',NULL,'5','10:48:19'),
('541','possimus',NULL,'1','12:27:47'),
('542','nisi',NULL,'2','01:39:33'),
('543','quia',NULL,'3','16:41:21'),
('544','ipsum',NULL,'4','17:06:51'),
('545','vitae',NULL,'5','20:33:26'),
('546','voluptates',NULL,'1','16:22:51'),
('547','nulla',NULL,'2','01:12:22'),
('548','ut',NULL,'3','13:57:28'),
('549','dolore',NULL,'4','17:32:45'),
('550','non',NULL,'5','23:49:59'),
('551','sunt',NULL,'1','11:10:08'),
('552','aut',NULL,'2','07:26:27'),
('553','ut',NULL,'3','20:05:51'),
('554','et',NULL,'4','03:14:37'),
('555','rerum',NULL,'5','16:07:30'),
('556','sed',NULL,'1','14:47:44'),
('557','ducimus',NULL,'2','11:32:57'),
('558','et',NULL,'3','07:33:08'),
('559','quod',NULL,'4','08:03:36'),
('560','consequuntur',NULL,'5','21:01:26'),
('561','id',NULL,'1','13:20:27'),
('562','vel',NULL,'2','05:08:05'),
('563','et',NULL,'3','21:36:45'),
('564','consequatur',NULL,'4','07:13:23'),
('565','ut',NULL,'5','00:52:57'),
('566','animi',NULL,'1','08:31:41'),
('567','neque',NULL,'2','14:09:32'),
('568','ratione',NULL,'3','00:42:05'),
('569','fugit',NULL,'4','13:33:06'),
('570','mollitia',NULL,'5','07:57:26'),
('571','optio',NULL,'1','17:03:09'),
('572','id',NULL,'2','07:14:25'),
('573','quae',NULL,'3','06:50:51'),
('574','reprehenderit',NULL,'4','16:54:18'),
('575','suscipit',NULL,'5','19:45:45'),
('576','non',NULL,'1','16:49:47'),
('577','harum',NULL,'2','00:12:11'),
('578','et',NULL,'3','05:59:27'),
('579','error',NULL,'4','23:12:55'),
('580','sit',NULL,'5','11:15:39'),
('581','voluptas',NULL,'1','02:59:02'),
('582','cupiditate',NULL,'2','04:24:47'),
('583','minima',NULL,'3','02:45:23'),
('584','corporis',NULL,'4','15:10:35'),
('585','est',NULL,'5','19:08:29'),
('586','aut',NULL,'1','20:31:50'),
('587','sed',NULL,'2','17:25:59'),
('588','et',NULL,'3','22:18:04'),
('589','quia',NULL,'4','14:11:37'),
('590','unde',NULL,'5','10:06:46'),
('591','eum',NULL,'1','23:07:49'),
('592','neque',NULL,'2','21:06:21'),
('593','quo',NULL,'3','22:23:40'),
('594','qui',NULL,'4','11:12:57'),
('595','nobis',NULL,'5','06:33:30'),
('596','dicta',NULL,'1','06:58:10'),
('597','est',NULL,'2','11:30:38'),
('598','itaque',NULL,'3','02:37:29'),
('599','velit',NULL,'4','11:35:04'),
('600','quia',NULL,'5','04:37:24'),
('601','beatae',NULL,'1','16:23:07'),
('602','voluptatibus',NULL,'2','03:02:42'),
('603','a',NULL,'3','07:18:47'),
('604','dolorem',NULL,'4','03:35:51'),
('605','nam',NULL,'5','03:44:26'),
('606','fugit',NULL,'1','07:50:00'),
('607','eum',NULL,'2','18:33:05'),
('608','necessitatibus',NULL,'3','09:34:28'),
('609','nostrum',NULL,'4','20:45:47'),
('610','dignissimos',NULL,'5','04:18:35'),
('611','porro',NULL,'1','04:29:22'),
('612','quod',NULL,'2','04:17:29'),
('613','quasi',NULL,'3','21:28:26'),
('614','voluptatem',NULL,'4','13:04:19'),
('615','quis',NULL,'5','07:08:16'),
('616','aliquam',NULL,'1','00:34:21'),
('617','tenetur',NULL,'2','11:58:21'),
('618','iusto',NULL,'3','11:02:55'),
('619','amet',NULL,'4','13:13:25'),
('620','quisquam',NULL,'5','14:04:34'),
('621','consequuntur',NULL,'1','08:59:38'),
('622','et',NULL,'2','16:08:36'),
('623','nihil',NULL,'3','00:37:04'),
('624','officia',NULL,'4','01:01:10'),
('625','suscipit',NULL,'5','03:38:13'),
('626','rerum',NULL,'1','11:59:15'),
('627','ab',NULL,'2','23:33:56'),
('628','tempore',NULL,'3','14:27:01'),
('629','quisquam',NULL,'4','19:06:56'),
('630','omnis',NULL,'5','20:42:57'),
('631','nemo',NULL,'1','04:05:45'),
('632','vitae',NULL,'2','05:56:54'),
('633','temporibus',NULL,'3','10:48:00'),
('634','earum',NULL,'4','08:11:11'),
('635','ipsam',NULL,'5','20:37:22'),
('636','quia',NULL,'1','12:30:25'),
('637','tempora',NULL,'2','15:07:15'),
('638','possimus',NULL,'3','22:24:54'),
('639','alias',NULL,'4','09:13:36'),
('640','soluta',NULL,'5','01:44:32'),
('641','aperiam',NULL,'1','11:00:05'),
('642','quod',NULL,'2','21:08:19'),
('643','eum',NULL,'3','12:45:42'),
('644','soluta',NULL,'4','08:34:29'),
('645','est',NULL,'5','13:18:32'),
('646','sed',NULL,'1','23:12:29'),
('647','maiores',NULL,'2','03:22:58'),
('648','vitae',NULL,'3','23:02:46'),
('649','commodi',NULL,'4','12:21:28'),
('650','et',NULL,'5','10:14:42'),
('651','quo',NULL,'1','07:54:06'),
('652','et',NULL,'2','13:01:55'),
('653','fuga',NULL,'3','09:07:43'),
('654','molestiae',NULL,'4','11:44:29'),
('655','veniam',NULL,'5','19:02:16'),
('656','sed',NULL,'1','19:53:19'),
('657','perspiciatis',NULL,'2','01:12:27'),
('658','vel',NULL,'3','05:01:41'),
('659','commodi',NULL,'4','03:23:17'),
('660','est',NULL,'5','17:23:05'),
('661','vitae',NULL,'1','16:21:20'),
('662','distinctio',NULL,'2','02:02:10'),
('663','in',NULL,'3','08:15:58'),
('664','dolorum',NULL,'4','15:35:08'),
('665','totam',NULL,'5','11:40:09'),
('666','odit',NULL,'1','17:27:40'),
('667','vel',NULL,'2','09:22:01'),
('668','voluptate',NULL,'3','02:44:38'),
('669','alias',NULL,'4','00:03:02'),
('670','eos',NULL,'5','12:22:09'),
('671','ut',NULL,'1','22:10:37'),
('672','delectus',NULL,'2','03:25:05'),
('673','occaecati',NULL,'3','08:58:28'),
('674','impedit',NULL,'4','15:31:17'),
('675','deserunt',NULL,'5','19:29:43'),
('676','facere',NULL,'1','17:19:39'),
('677','et',NULL,'2','20:11:40'),
('678','deleniti',NULL,'3','17:04:57'),
('679','dolores',NULL,'4','09:53:51'),
('680','aut',NULL,'5','19:13:50'),
('681','occaecati',NULL,'1','05:41:34'),
('682','ab',NULL,'2','16:57:27'),
('683','eaque',NULL,'3','12:34:16'),
('684','fuga',NULL,'4','19:45:53'),
('685','consequuntur',NULL,'5','15:03:50'),
('686','sint',NULL,'1','12:50:25'),
('687','quia',NULL,'2','15:00:55'),
('688','nisi',NULL,'3','08:31:11'),
('689','laborum',NULL,'4','03:30:44'),
('690','officia',NULL,'5','16:13:43'),
('691','dicta',NULL,'1','06:00:27'),
('692','numquam',NULL,'2','04:30:08'),
('693','ipsum',NULL,'3','19:32:23'),
('694','non',NULL,'4','11:40:38'),
('695','qui',NULL,'5','05:08:36'),
('696','nulla',NULL,'1','06:45:38'),
('697','est',NULL,'2','02:39:33'),
('698','minus',NULL,'3','11:33:49'),
('699','totam',NULL,'4','03:08:53'),
('700','dolores',NULL,'5','12:13:11'),
('701','sunt',NULL,'1','22:21:23'),
('702','alias',NULL,'2','07:22:44'),
('703','veniam',NULL,'3','14:40:50'),
('704','ullam',NULL,'4','14:33:25'),
('705','aut',NULL,'5','06:55:11'),
('706','ut',NULL,'1','02:11:40'),
('707','nisi',NULL,'2','09:02:31'),
('708','eos',NULL,'3','08:09:57'),
('709','eos',NULL,'4','06:20:21'),
('710','tenetur',NULL,'5','08:35:20'),
('711','consequatur',NULL,'1','13:35:57'),
('712','et',NULL,'2','09:52:06'),
('713','vitae',NULL,'3','07:18:17'),
('714','harum',NULL,'4','22:44:00'),
('715','at',NULL,'5','00:33:43'),
('716','aliquid',NULL,'1','16:32:28'),
('717','reprehenderit',NULL,'2','23:28:33'),
('718','ipsam',NULL,'3','16:54:25'),
('719','cumque',NULL,'4','01:14:21'),
('720','aut',NULL,'5','09:30:41'),
('721','facilis',NULL,'1','03:51:50'),
('722','atque',NULL,'2','07:37:59'),
('723','sit',NULL,'3','13:19:46'),
('724','deleniti',NULL,'4','04:19:59'),
('725','deserunt',NULL,'5','21:41:19'),
('726','vel',NULL,'1','11:05:09'),
('727','quas',NULL,'2','03:17:09'),
('728','voluptate',NULL,'3','17:19:20'),
('729','labore',NULL,'4','05:40:07'),
('730','et',NULL,'5','05:57:52'),
('731','provident',NULL,'1','10:52:05'),
('732','accusantium',NULL,'2','17:03:41'),
('733','ratione',NULL,'3','21:28:11'),
('734','voluptatem',NULL,'4','04:45:25'),
('735','corporis',NULL,'5','07:23:00'),
('736','suscipit',NULL,'1','08:40:17'),
('737','eveniet',NULL,'2','06:43:20'),
('738','vel',NULL,'3','21:05:49'),
('739','eos',NULL,'4','11:36:16'),
('740','reiciendis',NULL,'5','19:11:07'),
('741','ex',NULL,'1','21:44:06'),
('742','eius',NULL,'2','01:40:01'),
('743','et',NULL,'3','18:31:09'),
('744','repellat',NULL,'4','13:15:54'),
('745','soluta',NULL,'5','12:28:25'),
('746','molestiae',NULL,'1','15:06:49'),
('747','aut',NULL,'2','16:56:34'),
('748','voluptatem',NULL,'3','01:07:33'),
('749','et',NULL,'4','08:16:06'),
('750','et',NULL,'5','11:24:35'),
('751','alias',NULL,'1','04:22:54'),
('752','aliquam',NULL,'2','15:37:58'),
('753','qui',NULL,'3','15:26:31'),
('754','non',NULL,'4','21:51:15'),
('755','excepturi',NULL,'5','14:00:24'),
('756','ratione',NULL,'1','07:41:08'),
('757','similique',NULL,'2','17:29:48'),
('758','cumque',NULL,'3','01:56:05'),
('759','quaerat',NULL,'4','21:00:14'),
('760','aut',NULL,'5','20:19:39'),
('761','dolorem',NULL,'1','11:50:10'),
('762','animi',NULL,'2','09:20:03'),
('763','repellendus',NULL,'3','15:18:44'),
('764','iure',NULL,'4','09:05:18'),
('765','qui',NULL,'5','12:28:15'),
('766','ullam',NULL,'1','22:22:21'),
('767','debitis',NULL,'2','02:02:30'),
('768','similique',NULL,'3','05:32:25'),
('769','voluptatem',NULL,'4','14:08:36'),
('770','eligendi',NULL,'5','14:22:46'),
('771','minima',NULL,'1','14:36:39'),
('772','aperiam',NULL,'2','14:49:37'),
('773','consequatur',NULL,'3','00:04:06'),
('774','aut',NULL,'4','03:27:35'),
('775','aspernatur',NULL,'5','23:30:00'),
('776','eaque',NULL,'1','06:22:36'),
('777','dolorem',NULL,'2','13:23:57'),
('778','sunt',NULL,'3','23:29:55'),
('779','eligendi',NULL,'4','01:44:46'),
('780','repellendus',NULL,'5','21:22:03'),
('781','est',NULL,'1','22:03:08'),
('782','ut',NULL,'2','12:48:37'),
('783','natus',NULL,'3','00:07:28'),
('784','consequatur',NULL,'4','18:14:42'),
('785','recusandae',NULL,'5','01:27:08'),
('786','et',NULL,'1','04:09:21'),
('787','qui',NULL,'2','17:39:46'),
('788','et',NULL,'3','08:52:24'),
('789','et',NULL,'4','15:02:10'),
('790','id',NULL,'5','08:21:33'),
('791','consequuntur',NULL,'1','17:33:58'),
('792','ut',NULL,'2','13:41:36'),
('793','mollitia',NULL,'3','07:11:03'),
('794','esse',NULL,'4','08:09:39'),
('795','quo',NULL,'5','19:48:46'),
('796','quo',NULL,'1','16:41:24'),
('797','culpa',NULL,'2','06:30:01'),
('798','et',NULL,'3','11:24:46'),
('799','et',NULL,'4','19:18:15'),
('800','sit',NULL,'5','21:34:23'),
('801','et',NULL,'1','17:39:35'),
('802','quidem',NULL,'2','08:36:17'),
('803','architecto',NULL,'3','07:24:22'),
('804','ut',NULL,'4','06:18:46'),
('805','laborum',NULL,'5','15:07:52'),
('806','in',NULL,'1','16:17:41'),
('807','et',NULL,'2','03:42:16'),
('808','et',NULL,'3','13:48:35'),
('809','sit',NULL,'4','23:42:52'),
('810','illo',NULL,'5','10:52:00'),
('811','dolorem',NULL,'1','18:55:37'),
('812','dicta',NULL,'2','18:34:50'),
('813','mollitia',NULL,'3','17:18:27'),
('814','rerum',NULL,'4','03:51:18'),
('815','architecto',NULL,'5','20:53:06'),
('816','doloribus',NULL,'1','20:06:06'),
('817','ut',NULL,'2','00:17:25'),
('818','explicabo',NULL,'3','04:10:19'),
('819','et',NULL,'4','20:03:47'),
('820','ea',NULL,'5','05:32:12'),
('821','libero',NULL,'1','16:31:34'),
('822','est',NULL,'2','17:23:07'),
('823','hic',NULL,'3','23:59:49'),
('824','beatae',NULL,'4','00:52:35'),
('825','quisquam',NULL,'5','07:51:49'),
('826','blanditiis',NULL,'1','21:32:20'),
('827','architecto',NULL,'2','06:06:20'),
('828','laboriosam',NULL,'3','07:29:36'),
('829','laudantium',NULL,'4','07:25:49'),
('830','doloremque',NULL,'5','04:28:41'),
('831','vel',NULL,'1','20:30:32'),
('832','et',NULL,'2','14:10:53'),
('833','cum',NULL,'3','19:16:27'),
('834','veritatis',NULL,'4','07:34:58'),
('835','id',NULL,'5','03:34:00'),
('836','harum',NULL,'1','21:32:21'),
('837','repellendus',NULL,'2','16:55:29'),
('838','corporis',NULL,'3','09:10:45'),
('839','inventore',NULL,'4','03:37:39'),
('840','sunt',NULL,'5','13:25:01'),
('841','doloremque',NULL,'1','17:38:11'),
('842','odio',NULL,'2','05:23:03'),
('843','sed',NULL,'3','12:17:36'),
('844','animi',NULL,'4','08:51:42'),
('845','animi',NULL,'5','00:00:19'),
('846','perferendis',NULL,'1','14:29:44'),
('847','ut',NULL,'2','23:45:29'),
('848','ipsa',NULL,'3','09:14:38'),
('849','possimus',NULL,'4','13:08:23'),
('850','optio',NULL,'5','00:20:03'),
('851','odio',NULL,'1','15:55:42'),
('852','sed',NULL,'2','14:29:29'),
('853','id',NULL,'3','02:09:25'),
('854','et',NULL,'4','05:24:12'),
('855','consequatur',NULL,'5','04:25:43'),
('856','pariatur',NULL,'1','20:19:10'),
('857','veniam',NULL,'2','05:54:03'),
('858','ut',NULL,'3','10:53:11'),
('859','expedita',NULL,'4','14:29:57'),
('860','esse',NULL,'5','11:05:20'),
('861','itaque',NULL,'1','06:20:23'),
('862','est',NULL,'2','06:07:23'),
('863','tempore',NULL,'3','02:15:16'),
('864','amet',NULL,'4','01:23:44'),
('865','rem',NULL,'5','07:55:48'),
('866','labore',NULL,'1','02:50:19'),
('867','earum',NULL,'2','08:43:00'),
('868','ullam',NULL,'3','08:09:50'),
('869','nihil',NULL,'4','08:10:26'),
('870','earum',NULL,'5','18:01:22'),
('871','rerum',NULL,'1','22:57:26'),
('872','occaecati',NULL,'2','16:05:50'),
('873','sit',NULL,'3','23:11:43'),
('874','id',NULL,'4','20:43:03'),
('875','sit',NULL,'5','00:37:04'),
('876','dolores',NULL,'1','20:35:33'),
('877','dolorem',NULL,'2','20:21:15'),
('878','quo',NULL,'3','14:51:52'),
('879','expedita',NULL,'4','02:20:05'),
('880','in',NULL,'5','13:18:04'),
('881','fugiat',NULL,'1','16:16:17'),
('882','illum',NULL,'2','05:43:36'),
('883','sapiente',NULL,'3','09:14:41'),
('884','odit',NULL,'4','02:49:52'),
('885','iure',NULL,'5','13:40:08'),
('886','voluptatem',NULL,'1','21:01:25'),
('887','animi',NULL,'2','13:09:58'),
('888','recusandae',NULL,'3','02:24:56'),
('889','iusto',NULL,'4','12:37:04'),
('890','adipisci',NULL,'5','11:01:06'),
('891','eos',NULL,'1','08:26:00'),
('892','ut',NULL,'2','19:55:11'),
('893','laboriosam',NULL,'3','21:29:13'),
('894','voluptatem',NULL,'4','10:55:43'),
('895','placeat',NULL,'5','18:16:58'),
('896','et',NULL,'1','14:11:11'),
('897','assumenda',NULL,'2','01:36:10'),
('898','nisi',NULL,'3','18:54:07'),
('899','aperiam',NULL,'4','02:30:27'),
('900','ut',NULL,'5','01:00:21'),
('901','qui',NULL,'1','23:38:25'),
('902','eveniet',NULL,'2','02:12:48'),
('903','sunt',NULL,'3','08:32:33'),
('904','qui',NULL,'4','07:08:01'),
('905','fugit',NULL,'5','09:51:31'),
('906','aut',NULL,'1','12:28:29'),
('907','error',NULL,'2','07:42:27'),
('908','repellat',NULL,'3','13:57:49'),
('909','et',NULL,'4','01:44:23'),
('910','voluptas',NULL,'5','09:13:30'),
('911','unde',NULL,'1','07:36:36'),
('912','quam',NULL,'2','03:13:41'),
('913','quis',NULL,'3','20:06:44'),
('914','est',NULL,'4','09:13:16'),
('915','et',NULL,'5','13:07:51'),
('916','error',NULL,'1','15:31:12'),
('917','unde',NULL,'2','08:17:04'),
('918','incidunt',NULL,'3','13:49:30'),
('919','molestiae',NULL,'4','23:36:27'),
('920','id',NULL,'5','14:22:10'),
('921','velit',NULL,'1','05:15:10'),
('922','ex',NULL,'2','21:42:15'),
('923','sit',NULL,'3','09:05:09'),
('924','deserunt',NULL,'4','16:12:56'),
('925','sit',NULL,'5','21:51:38'),
('926','ut',NULL,'1','19:05:13'),
('927','voluptas',NULL,'2','00:51:02'),
('928','optio',NULL,'3','12:52:18'),
('929','ab',NULL,'4','21:37:45'),
('930','eum',NULL,'5','04:13:54'),
('931','quis',NULL,'1','22:38:31'),
('932','suscipit',NULL,'2','21:17:58'),
('933','et',NULL,'3','10:26:34'),
('934','consequatur',NULL,'4','21:45:41'),
('935','possimus',NULL,'5','04:02:51'),
('936','inventore',NULL,'1','07:29:54'),
('937','dolorem',NULL,'2','13:49:24'),
('938','quisquam',NULL,'3','02:16:55'),
('939','maiores',NULL,'4','11:14:51'),
('940','sed',NULL,'5','05:57:23'),
('941','eius',NULL,'1','23:39:32'),
('942','eaque',NULL,'2','23:44:13'),
('943','et',NULL,'3','06:21:22'),
('944','dolorem',NULL,'4','17:20:40'),
('945','sit',NULL,'5','17:51:16'),
('946','non',NULL,'1','18:58:54'),
('947','cupiditate',NULL,'2','06:13:28'),
('948','libero',NULL,'3','09:34:35'),
('949','et',NULL,'4','16:02:21'),
('950','libero',NULL,'5','02:32:27'),
('951','quaerat',NULL,'1','21:24:41'),
('952','ipsa',NULL,'2','21:37:34'),
('953','soluta',NULL,'3','06:35:23'),
('954','voluptates',NULL,'4','18:30:50'),
('955','est',NULL,'5','00:11:15'),
('956','et',NULL,'1','09:40:48'),
('957','labore',NULL,'2','15:31:48'),
('958','quis',NULL,'3','11:16:27'),
('959','vel',NULL,'4','01:30:22'),
('960','eum',NULL,'5','12:36:25'),
('961','cupiditate',NULL,'1','16:40:33'),
('962','et',NULL,'2','19:52:35'),
('963','qui',NULL,'3','19:34:19'),
('964','repellat',NULL,'4','20:20:45'),
('965','mollitia',NULL,'5','00:41:57'),
('966','eaque',NULL,'1','03:28:06'),
('967','dignissimos',NULL,'2','14:24:01'),
('968','enim',NULL,'3','17:16:02'),
('969','est',NULL,'4','02:34:39'),
('970','distinctio',NULL,'5','23:40:12'),
('971','voluptatem',NULL,'1','02:57:04'),
('972','est',NULL,'2','22:04:44'),
('973','eos',NULL,'3','05:20:24'),
('974','aut',NULL,'4','23:13:29'),
('975','est',NULL,'5','05:24:53'),
('976','enim',NULL,'1','11:34:49'),
('977','consequuntur',NULL,'2','05:23:46'),
('978','quis',NULL,'3','22:44:09'),
('979','dicta',NULL,'4','03:57:45'),
('980','in',NULL,'5','13:01:08'),
('981','consequatur',NULL,'1','07:29:18'),
('982','perferendis',NULL,'2','22:48:54'),
('983','et',NULL,'3','19:46:07'),
('984','et',NULL,'4','11:07:59'),
('985','sint',NULL,'5','07:45:32'),
('986','repudiandae',NULL,'1','21:37:22'),
('987','laboriosam',NULL,'2','06:45:33'),
('988','explicabo',NULL,'3','19:47:02'),
('989','corporis',NULL,'4','13:22:12'),
('990','id',NULL,'5','02:57:50'),
('991','voluptatem',NULL,'1','14:29:17'),
('992','qui',NULL,'2','17:09:18'),
('993','nam',NULL,'3','13:22:22'),
('994','et',NULL,'4','18:39:23'),
('995','provident',NULL,'5','13:36:11'),
('996','aut',NULL,'1','11:11:53'),
('997','qui',NULL,'2','23:01:33'),
('998','similique',NULL,'3','01:42:08'),
('999','enim',NULL,'4','10:02:21'),
('1000','quidem',NULL,'5','21:13:47'); 


DROP TABLE IF EXISTS `photo_albums`;
CREATE TABLE `photo_albums` (
  `id` bigint(20) unsigned NOT NULL AUTO_INCREMENT,
  `name` varchar(255) COLLATE utf8_unicode_ci DEFAULT NULL,
  `user_id` bigint(20) unsigned DEFAULT NULL,
  PRIMARY KEY (`id`),
  UNIQUE KEY `id` (`id`),
  KEY `user_id` (`user_id`),
  CONSTRAINT `photo_albums_ibfk_1` FOREIGN KEY (`user_id`) REFERENCES `users` (`id`)
) ENGINE=InnoDB AUTO_INCREMENT=101 DEFAULT CHARSET=utf8 COLLATE=utf8_unicode_ci;

INSERT INTO `photo_albums` VALUES ('1','qui','1'),
('2','sed','2'),
('3','quae','3'),
('4','ratione','4'),
('5','qui','5'),
('6','et','6'),
('7','voluptatem','7'),
('8','quo','8'),
('9','vitae','9'),
('10','possimus','10'),
('11','fugit','11'),
('12','eos','12'),
('13','quia','13'),
('14','ut','14'),
('15','reprehenderit','15'),
('16','et','16'),
('17','tenetur','17'),
('18','illo','18'),
('19','facere','19'),
('20','ipsum','20'),
('21','architecto','21'),
('22','praesentium','22'),
('23','odit','23'),
('24','ab','24'),
('25','fugiat','25'),
('26','culpa','26'),
('27','vero','27'),
('28','deleniti','28'),
('29','deleniti','29'),
('30','sapiente','30'),
('31','reprehenderit','31'),
('32','ut','32'),
('33','voluptatem','33'),
('34','nemo','34'),
('35','vitae','35'),
('36','amet','36'),
('37','consequatur','37'),
('38','veniam','38'),
('39','assumenda','39'),
('40','sed','40'),
('41','tempore','41'),
('42','ipsam','42'),
('43','aliquam','43'),
('44','voluptatem','44'),
('45','et','45'),
('46','quis','46'),
('47','minus','47'),
('48','rerum','48'),
('49','qui','49'),
('50','qui','50'),
('51','eius','51'),
('52','omnis','52'),
('53','quaerat','53'),
('54','hic','54'),
('55','quo','55'),
('56','enim','56'),
('57','eligendi','57'),
('58','tempore','58'),
('59','voluptas','59'),
('60','totam','60'),
('61','soluta','61'),
('62','consequuntur','62'),
('63','labore','63'),
('64','optio','64'),
('65','maxime','65'),
('66','enim','66'),
('67','earum','67'),
('68','quisquam','68'),
('69','maiores','69'),
('70','pariatur','70'),
('71','officia','71'),
('72','hic','72'),
('73','fuga','73'),
('74','voluptates','74'),
('75','ut','75'),
('76','alias','76'),
('77','neque','77'),
('78','dolores','78'),
('79','cumque','79'),
('80','quae','80'),
('81','enim','81'),
('82','rerum','82'),
('83','eligendi','83'),
('84','facere','84'),
('85','sapiente','85'),
('86','nulla','86'),
('87','excepturi','87'),
('88','aut','88'),
('89','fuga','89'),
('90','quaerat','90'),
('91','consequatur','91'),
('92','ad','92'),
('93','quo','93'),
('94','nemo','94'),
('95','exercitationem','95'),
('96','iste','96'),
('97','minima','97'),
('98','et','98'),
('99','ex','99'),
('100','autem','100'); 


DROP TABLE IF EXISTS `photos`;
CREATE TABLE `photos` (
  `id` bigint(20) unsigned NOT NULL AUTO_INCREMENT,
  `album_id` bigint(20) unsigned NOT NULL,
  `media_id` bigint(20) unsigned NOT NULL,
  PRIMARY KEY (`id`),
  KEY `album_id` (`album_id`),
  KEY `media_id` (`media_id`),
  CONSTRAINT `photos_ibfk_1` FOREIGN KEY (`album_id`) REFERENCES `photo_albums` (`id`),
  CONSTRAINT `photos_ibfk_2` FOREIGN KEY (`media_id`) REFERENCES `media` (`id`)
) ENGINE=InnoDB AUTO_INCREMENT=1001 DEFAULT CHARSET=utf8 COLLATE=utf8_unicode_ci;

INSERT INTO `photos` VALUES ('1','1','1'),
('2','2','2'),
('3','3','3'),
('4','4','4'),
('5','5','5'),
('6','6','6'),
('7','7','7'),
('8','8','8'),
('9','9','9'),
('10','10','10'),
('11','11','11'),
('12','12','12'),
('13','13','13'),
('14','14','14'),
('15','15','15'),
('16','16','16'),
('17','17','17'),
('18','18','18'),
('19','19','19'),
('20','20','20'),
('21','21','21'),
('22','22','22'),
('23','23','23'),
('24','24','24'),
('25','25','25'),
('26','26','26'),
('27','27','27'),
('28','28','28'),
('29','29','29'),
('30','30','30'),
('31','31','31'),
('32','32','32'),
('33','33','33'),
('34','34','34'),
('35','35','35'),
('36','36','36'),
('37','37','37'),
('38','38','38'),
('39','39','39'),
('40','40','40'),
('41','41','41'),
('42','42','42'),
('43','43','43'),
('44','44','44'),
('45','45','45'),
('46','46','46'),
('47','47','47'),
('48','48','48'),
('49','49','49'),
('50','50','50'),
('51','51','51'),
('52','52','52'),
('53','53','53'),
('54','54','54'),
('55','55','55'),
('56','56','56'),
('57','57','57'),
('58','58','58'),
('59','59','59'),
('60','60','60'),
('61','61','61'),
('62','62','62'),
('63','63','63'),
('64','64','64'),
('65','65','65'),
('66','66','66'),
('67','67','67'),
('68','68','68'),
('69','69','69'),
('70','70','70'),
('71','71','71'),
('72','72','72'),
('73','73','73'),
('74','74','74'),
('75','75','75'),
('76','76','76'),
('77','77','77'),
('78','78','78'),
('79','79','79'),
('80','80','80'),
('81','81','81'),
('82','82','82'),
('83','83','83'),
('84','84','84'),
('85','85','85'),
('86','86','86'),
('87','87','87'),
('88','88','88'),
('89','89','89'),
('90','90','90'),
('91','91','91'),
('92','92','92'),
('93','93','93'),
('94','94','94'),
('95','95','95'),
('96','96','96'),
('97','97','97'),
('98','98','98'),
('99','99','99'),
('100','100','100'),
('101','1','1'),
('102','2','2'),
('103','3','3'),
('104','4','4'),
('105','5','5'),
('106','6','6'),
('107','7','7'),
('108','8','8'),
('109','9','9'),
('110','10','10'),
('111','11','11'),
('112','12','12'),
('113','13','13'),
('114','14','14'),
('115','15','15'),
('116','16','16'),
('117','17','17'),
('118','18','18'),
('119','19','19'),
('120','20','20'),
('121','21','21'),
('122','22','22'),
('123','23','23'),
('124','24','24'),
('125','25','25'),
('126','26','26'),
('127','27','27'),
('128','28','28'),
('129','29','29'),
('130','30','30'),
('131','31','31'),
('132','32','32'),
('133','33','33'),
('134','34','34'),
('135','35','35'),
('136','36','36'),
('137','37','37'),
('138','38','38'),
('139','39','39'),
('140','40','40'),
('141','41','41'),
('142','42','42'),
('143','43','43'),
('144','44','44'),
('145','45','45'),
('146','46','46'),
('147','47','47'),
('148','48','48'),
('149','49','49'),
('150','50','50'),
('151','51','51'),
('152','52','52'),
('153','53','53'),
('154','54','54'),
('155','55','55'),
('156','56','56'),
('157','57','57'),
('158','58','58'),
('159','59','59'),
('160','60','60'),
('161','61','61'),
('162','62','62'),
('163','63','63'),
('164','64','64'),
('165','65','65'),
('166','66','66'),
('167','67','67'),
('168','68','68'),
('169','69','69'),
('170','70','70'),
('171','71','71'),
('172','72','72'),
('173','73','73'),
('174','74','74'),
('175','75','75'),
('176','76','76'),
('177','77','77'),
('178','78','78'),
('179','79','79'),
('180','80','80'),
('181','81','81'),
('182','82','82'),
('183','83','83'),
('184','84','84'),
('185','85','85'),
('186','86','86'),
('187','87','87'),
('188','88','88'),
('189','89','89'),
('190','90','90'),
('191','91','91'),
('192','92','92'),
('193','93','93'),
('194','94','94'),
('195','95','95'),
('196','96','96'),
('197','97','97'),
('198','98','98'),
('199','99','99'),
('200','100','100'),
('201','1','1'),
('202','2','2'),
('203','3','3'),
('204','4','4'),
('205','5','5'),
('206','6','6'),
('207','7','7'),
('208','8','8'),
('209','9','9'),
('210','10','10'),
('211','11','11'),
('212','12','12'),
('213','13','13'),
('214','14','14'),
('215','15','15'),
('216','16','16'),
('217','17','17'),
('218','18','18'),
('219','19','19'),
('220','20','20'),
('221','21','21'),
('222','22','22'),
('223','23','23'),
('224','24','24'),
('225','25','25'),
('226','26','26'),
('227','27','27'),
('228','28','28'),
('229','29','29'),
('230','30','30'),
('231','31','31'),
('232','32','32'),
('233','33','33'),
('234','34','34'),
('235','35','35'),
('236','36','36'),
('237','37','37'),
('238','38','38'),
('239','39','39'),
('240','40','40'),
('241','41','41'),
('242','42','42'),
('243','43','43'),
('244','44','44'),
('245','45','45'),
('246','46','46'),
('247','47','47'),
('248','48','48'),
('249','49','49'),
('250','50','50'),
('251','51','51'),
('252','52','52'),
('253','53','53'),
('254','54','54'),
('255','55','55'),
('256','56','56'),
('257','57','57'),
('258','58','58'),
('259','59','59'),
('260','60','60'),
('261','61','61'),
('262','62','62'),
('263','63','63'),
('264','64','64'),
('265','65','65'),
('266','66','66'),
('267','67','67'),
('268','68','68'),
('269','69','69'),
('270','70','70'),
('271','71','71'),
('272','72','72'),
('273','73','73'),
('274','74','74'),
('275','75','75'),
('276','76','76'),
('277','77','77'),
('278','78','78'),
('279','79','79'),
('280','80','80'),
('281','81','81'),
('282','82','82'),
('283','83','83'),
('284','84','84'),
('285','85','85'),
('286','86','86'),
('287','87','87'),
('288','88','88'),
('289','89','89'),
('290','90','90'),
('291','91','91'),
('292','92','92'),
('293','93','93'),
('294','94','94'),
('295','95','95'),
('296','96','96'),
('297','97','97'),
('298','98','98'),
('299','99','99'),
('300','100','100'),
('301','1','1'),
('302','2','2'),
('303','3','3'),
('304','4','4'),
('305','5','5'),
('306','6','6'),
('307','7','7'),
('308','8','8'),
('309','9','9'),
('310','10','10'),
('311','11','11'),
('312','12','12'),
('313','13','13'),
('314','14','14'),
('315','15','15'),
('316','16','16'),
('317','17','17'),
('318','18','18'),
('319','19','19'),
('320','20','20'),
('321','21','21'),
('322','22','22'),
('323','23','23'),
('324','24','24'),
('325','25','25'),
('326','26','26'),
('327','27','27'),
('328','28','28'),
('329','29','29'),
('330','30','30'),
('331','31','31'),
('332','32','32'),
('333','33','33'),
('334','34','34'),
('335','35','35'),
('336','36','36'),
('337','37','37'),
('338','38','38'),
('339','39','39'),
('340','40','40'),
('341','41','41'),
('342','42','42'),
('343','43','43'),
('344','44','44'),
('345','45','45'),
('346','46','46'),
('347','47','47'),
('348','48','48'),
('349','49','49'),
('350','50','50'),
('351','51','51'),
('352','52','52'),
('353','53','53'),
('354','54','54'),
('355','55','55'),
('356','56','56'),
('357','57','57'),
('358','58','58'),
('359','59','59'),
('360','60','60'),
('361','61','61'),
('362','62','62'),
('363','63','63'),
('364','64','64'),
('365','65','65'),
('366','66','66'),
('367','67','67'),
('368','68','68'),
('369','69','69'),
('370','70','70'),
('371','71','71'),
('372','72','72'),
('373','73','73'),
('374','74','74'),
('375','75','75'),
('376','76','76'),
('377','77','77'),
('378','78','78'),
('379','79','79'),
('380','80','80'),
('381','81','81'),
('382','82','82'),
('383','83','83'),
('384','84','84'),
('385','85','85'),
('386','86','86'),
('387','87','87'),
('388','88','88'),
('389','89','89'),
('390','90','90'),
('391','91','91'),
('392','92','92'),
('393','93','93'),
('394','94','94'),
('395','95','95'),
('396','96','96'),
('397','97','97'),
('398','98','98'),
('399','99','99'),
('400','100','100'),
('401','1','1'),
('402','2','2'),
('403','3','3'),
('404','4','4'),
('405','5','5'),
('406','6','6'),
('407','7','7'),
('408','8','8'),
('409','9','9'),
('410','10','10'),
('411','11','11'),
('412','12','12'),
('413','13','13'),
('414','14','14'),
('415','15','15'),
('416','16','16'),
('417','17','17'),
('418','18','18'),
('419','19','19'),
('420','20','20'),
('421','21','21'),
('422','22','22'),
('423','23','23'),
('424','24','24'),
('425','25','25'),
('426','26','26'),
('427','27','27'),
('428','28','28'),
('429','29','29'),
('430','30','30'),
('431','31','31'),
('432','32','32'),
('433','33','33'),
('434','34','34'),
('435','35','35'),
('436','36','36'),
('437','37','37'),
('438','38','38'),
('439','39','39'),
('440','40','40'),
('441','41','41'),
('442','42','42'),
('443','43','43'),
('444','44','44'),
('445','45','45'),
('446','46','46'),
('447','47','47'),
('448','48','48'),
('449','49','49'),
('450','50','50'),
('451','51','51'),
('452','52','52'),
('453','53','53'),
('454','54','54'),
('455','55','55'),
('456','56','56'),
('457','57','57'),
('458','58','58'),
('459','59','59'),
('460','60','60'),
('461','61','61'),
('462','62','62'),
('463','63','63'),
('464','64','64'),
('465','65','65'),
('466','66','66'),
('467','67','67'),
('468','68','68'),
('469','69','69'),
('470','70','70'),
('471','71','71'),
('472','72','72'),
('473','73','73'),
('474','74','74'),
('475','75','75'),
('476','76','76'),
('477','77','77'),
('478','78','78'),
('479','79','79'),
('480','80','80'),
('481','81','81'),
('482','82','82'),
('483','83','83'),
('484','84','84'),
('485','85','85'),
('486','86','86'),
('487','87','87'),
('488','88','88'),
('489','89','89'),
('490','90','90'),
('491','91','91'),
('492','92','92'),
('493','93','93'),
('494','94','94'),
('495','95','95'),
('496','96','96'),
('497','97','97'),
('498','98','98'),
('499','99','99'),
('500','100','100'),
('501','1','1'),
('502','2','2'),
('503','3','3'),
('504','4','4'),
('505','5','5'),
('506','6','6'),
('507','7','7'),
('508','8','8'),
('509','9','9'),
('510','10','10'),
('511','11','11'),
('512','12','12'),
('513','13','13'),
('514','14','14'),
('515','15','15'),
('516','16','16'),
('517','17','17'),
('518','18','18'),
('519','19','19'),
('520','20','20'),
('521','21','21'),
('522','22','22'),
('523','23','23'),
('524','24','24'),
('525','25','25'),
('526','26','26'),
('527','27','27'),
('528','28','28'),
('529','29','29'),
('530','30','30'),
('531','31','31'),
('532','32','32'),
('533','33','33'),
('534','34','34'),
('535','35','35'),
('536','36','36'),
('537','37','37'),
('538','38','38'),
('539','39','39'),
('540','40','40'),
('541','41','41'),
('542','42','42'),
('543','43','43'),
('544','44','44'),
('545','45','45'),
('546','46','46'),
('547','47','47'),
('548','48','48'),
('549','49','49'),
('550','50','50'),
('551','51','51'),
('552','52','52'),
('553','53','53'),
('554','54','54'),
('555','55','55'),
('556','56','56'),
('557','57','57'),
('558','58','58'),
('559','59','59'),
('560','60','60'),
('561','61','61'),
('562','62','62'),
('563','63','63'),
('564','64','64'),
('565','65','65'),
('566','66','66'),
('567','67','67'),
('568','68','68'),
('569','69','69'),
('570','70','70'),
('571','71','71'),
('572','72','72'),
('573','73','73'),
('574','74','74'),
('575','75','75'),
('576','76','76'),
('577','77','77'),
('578','78','78'),
('579','79','79'),
('580','80','80'),
('581','81','81'),
('582','82','82'),
('583','83','83'),
('584','84','84'),
('585','85','85'),
('586','86','86'),
('587','87','87'),
('588','88','88'),
('589','89','89'),
('590','90','90'),
('591','91','91'),
('592','92','92'),
('593','93','93'),
('594','94','94'),
('595','95','95'),
('596','96','96'),
('597','97','97'),
('598','98','98'),
('599','99','99'),
('600','100','100'),
('601','1','1'),
('602','2','2'),
('603','3','3'),
('604','4','4'),
('605','5','5'),
('606','6','6'),
('607','7','7'),
('608','8','8'),
('609','9','9'),
('610','10','10'),
('611','11','11'),
('612','12','12'),
('613','13','13'),
('614','14','14'),
('615','15','15'),
('616','16','16'),
('617','17','17'),
('618','18','18'),
('619','19','19'),
('620','20','20'),
('621','21','21'),
('622','22','22'),
('623','23','23'),
('624','24','24'),
('625','25','25'),
('626','26','26'),
('627','27','27'),
('628','28','28'),
('629','29','29'),
('630','30','30'),
('631','31','31'),
('632','32','32'),
('633','33','33'),
('634','34','34'),
('635','35','35'),
('636','36','36'),
('637','37','37'),
('638','38','38'),
('639','39','39'),
('640','40','40'),
('641','41','41'),
('642','42','42'),
('643','43','43'),
('644','44','44'),
('645','45','45'),
('646','46','46'),
('647','47','47'),
('648','48','48'),
('649','49','49'),
('650','50','50'),
('651','51','51'),
('652','52','52'),
('653','53','53'),
('654','54','54'),
('655','55','55'),
('656','56','56'),
('657','57','57'),
('658','58','58'),
('659','59','59'),
('660','60','60'),
('661','61','61'),
('662','62','62'),
('663','63','63'),
('664','64','64'),
('665','65','65'),
('666','66','66'),
('667','67','67'),
('668','68','68'),
('669','69','69'),
('670','70','70'),
('671','71','71'),
('672','72','72'),
('673','73','73'),
('674','74','74'),
('675','75','75'),
('676','76','76'),
('677','77','77'),
('678','78','78'),
('679','79','79'),
('680','80','80'),
('681','81','81'),
('682','82','82'),
('683','83','83'),
('684','84','84'),
('685','85','85'),
('686','86','86'),
('687','87','87'),
('688','88','88'),
('689','89','89'),
('690','90','90'),
('691','91','91'),
('692','92','92'),
('693','93','93'),
('694','94','94'),
('695','95','95'),
('696','96','96'),
('697','97','97'),
('698','98','98'),
('699','99','99'),
('700','100','100'),
('701','1','1'),
('702','2','2'),
('703','3','3'),
('704','4','4'),
('705','5','5'),
('706','6','6'),
('707','7','7'),
('708','8','8'),
('709','9','9'),
('710','10','10'),
('711','11','11'),
('712','12','12'),
('713','13','13'),
('714','14','14'),
('715','15','15'),
('716','16','16'),
('717','17','17'),
('718','18','18'),
('719','19','19'),
('720','20','20'),
('721','21','21'),
('722','22','22'),
('723','23','23'),
('724','24','24'),
('725','25','25'),
('726','26','26'),
('727','27','27'),
('728','28','28'),
('729','29','29'),
('730','30','30'),
('731','31','31'),
('732','32','32'),
('733','33','33'),
('734','34','34'),
('735','35','35'),
('736','36','36'),
('737','37','37'),
('738','38','38'),
('739','39','39'),
('740','40','40'),
('741','41','41'),
('742','42','42'),
('743','43','43'),
('744','44','44'),
('745','45','45'),
('746','46','46'),
('747','47','47'),
('748','48','48'),
('749','49','49'),
('750','50','50'),
('751','51','51'),
('752','52','52'),
('753','53','53'),
('754','54','54'),
('755','55','55'),
('756','56','56'),
('757','57','57'),
('758','58','58'),
('759','59','59'),
('760','60','60'),
('761','61','61'),
('762','62','62'),
('763','63','63'),
('764','64','64'),
('765','65','65'),
('766','66','66'),
('767','67','67'),
('768','68','68'),
('769','69','69'),
('770','70','70'),
('771','71','71'),
('772','72','72'),
('773','73','73'),
('774','74','74'),
('775','75','75'),
('776','76','76'),
('777','77','77'),
('778','78','78'),
('779','79','79'),
('780','80','80'),
('781','81','81'),
('782','82','82'),
('783','83','83'),
('784','84','84'),
('785','85','85'),
('786','86','86'),
('787','87','87'),
('788','88','88'),
('789','89','89'),
('790','90','90'),
('791','91','91'),
('792','92','92'),
('793','93','93'),
('794','94','94'),
('795','95','95'),
('796','96','96'),
('797','97','97'),
('798','98','98'),
('799','99','99'),
('800','100','100'),
('801','1','1'),
('802','2','2'),
('803','3','3'),
('804','4','4'),
('805','5','5'),
('806','6','6'),
('807','7','7'),
('808','8','8'),
('809','9','9'),
('810','10','10'),
('811','11','11'),
('812','12','12'),
('813','13','13'),
('814','14','14'),
('815','15','15'),
('816','16','16'),
('817','17','17'),
('818','18','18'),
('819','19','19'),
('820','20','20'),
('821','21','21'),
('822','22','22'),
('823','23','23'),
('824','24','24'),
('825','25','25'),
('826','26','26'),
('827','27','27'),
('828','28','28'),
('829','29','29'),
('830','30','30'),
('831','31','31'),
('832','32','32'),
('833','33','33'),
('834','34','34'),
('835','35','35'),
('836','36','36'),
('837','37','37'),
('838','38','38'),
('839','39','39'),
('840','40','40'),
('841','41','41'),
('842','42','42'),
('843','43','43'),
('844','44','44'),
('845','45','45'),
('846','46','46'),
('847','47','47'),
('848','48','48'),
('849','49','49'),
('850','50','50'),
('851','51','51'),
('852','52','52'),
('853','53','53'),
('854','54','54'),
('855','55','55'),
('856','56','56'),
('857','57','57'),
('858','58','58'),
('859','59','59'),
('860','60','60'),
('861','61','61'),
('862','62','62'),
('863','63','63'),
('864','64','64'),
('865','65','65'),
('866','66','66'),
('867','67','67'),
('868','68','68'),
('869','69','69'),
('870','70','70'),
('871','71','71'),
('872','72','72'),
('873','73','73'),
('874','74','74'),
('875','75','75'),
('876','76','76'),
('877','77','77'),
('878','78','78'),
('879','79','79'),
('880','80','80'),
('881','81','81'),
('882','82','82'),
('883','83','83'),
('884','84','84'),
('885','85','85'),
('886','86','86'),
('887','87','87'),
('888','88','88'),
('889','89','89'),
('890','90','90'),
('891','91','91'),
('892','92','92'),
('893','93','93'),
('894','94','94'),
('895','95','95'),
('896','96','96'),
('897','97','97'),
('898','98','98'),
('899','99','99'),
('900','100','100'),
('901','1','1'),
('902','2','2'),
('903','3','3'),
('904','4','4'),
('905','5','5'),
('906','6','6'),
('907','7','7'),
('908','8','8'),
('909','9','9'),
('910','10','10'),
('911','11','11'),
('912','12','12'),
('913','13','13'),
('914','14','14'),
('915','15','15'),
('916','16','16'),
('917','17','17'),
('918','18','18'),
('919','19','19'),
('920','20','20'),
('921','21','21'),
('922','22','22'),
('923','23','23'),
('924','24','24'),
('925','25','25'),
('926','26','26'),
('927','27','27'),
('928','28','28'),
('929','29','29'),
('930','30','30'),
('931','31','31'),
('932','32','32'),
('933','33','33'),
('934','34','34'),
('935','35','35'),
('936','36','36'),
('937','37','37'),
('938','38','38'),
('939','39','39'),
('940','40','40'),
('941','41','41'),
('942','42','42'),
('943','43','43'),
('944','44','44'),
('945','45','45'),
('946','46','46'),
('947','47','47'),
('948','48','48'),
('949','49','49'),
('950','50','50'),
('951','51','51'),
('952','52','52'),
('953','53','53'),
('954','54','54'),
('955','55','55'),
('956','56','56'),
('957','57','57'),
('958','58','58'),
('959','59','59'),
('960','60','60'),
('961','61','61'),
('962','62','62'),
('963','63','63'),
('964','64','64'),
('965','65','65'),
('966','66','66'),
('967','67','67'),
('968','68','68'),
('969','69','69'),
('970','70','70'),
('971','71','71'),
('972','72','72'),
('973','73','73'),
('974','74','74'),
('975','75','75'),
('976','76','76'),
('977','77','77'),
('978','78','78'),
('979','79','79'),
('980','80','80'),
('981','81','81'),
('982','82','82'),
('983','83','83'),
('984','84','84'),
('985','85','85'),
('986','86','86'),
('987','87','87'),
('988','88','88'),
('989','89','89'),
('990','90','90'),
('991','91','91'),
('992','92','92'),
('993','93','93'),
('994','94','94'),
('995','95','95'),
('996','96','96'),
('997','97','97'),
('998','98','98'),
('999','99','99'),
('1000','100','100'); 


DROP TABLE IF EXISTS `profiles`;
CREATE TABLE `profiles` (
  `user_id` bigint(20) unsigned NOT NULL AUTO_INCREMENT,
  `gender` char(1) COLLATE utf8_unicode_ci DEFAULT NULL,
  `birthday` date DEFAULT NULL,
  `photo_id` bigint(20) unsigned DEFAULT NULL,
  `created_at` datetime DEFAULT current_timestamp(),
  `hometown` varchar(100) COLLATE utf8_unicode_ci DEFAULT NULL,
  `is_active` enum('true','false') COLLATE utf8_unicode_ci DEFAULT 'true',
  PRIMARY KEY (`user_id`),
  CONSTRAINT `profiles_ibfk_1` FOREIGN KEY (`user_id`) REFERENCES `users` (`id`) ON UPDATE CASCADE
) ENGINE=InnoDB AUTO_INCREMENT=101 DEFAULT CHARSET=utf8 COLLATE=utf8_unicode_ci;

INSERT INTO `profiles` VALUES ('1',NULL,'1993-01-24','1','1996-10-07 00:50:48',NULL,'true'),
('2',NULL,'1978-03-24','2','1984-01-13 12:21:06',NULL,'true'),
('3',NULL,'1983-11-10','3','2015-12-06 15:52:02',NULL,'false'),
('4',NULL,'2006-06-06','4','2013-08-30 12:59:27',NULL,'true'),
('5',NULL,'1986-10-03','5','2003-12-22 04:52:05',NULL,'true'),
('6',NULL,'1984-06-19','6','2007-04-23 00:24:05',NULL,'false'),
('7',NULL,'2008-10-29','7','1979-09-29 21:18:44',NULL,'true'),
('8',NULL,'1972-03-30','8','2019-05-25 00:25:01',NULL,'false'),
('9',NULL,'1975-10-04','9','2002-09-21 23:06:58',NULL,'true'),
('10',NULL,'1985-09-15','10','1993-06-23 03:19:16',NULL,'false'),
('11',NULL,'2017-08-01','11','1990-04-15 05:27:47',NULL,'false'),
('12',NULL,'1986-12-13','12','2002-11-20 15:01:26',NULL,'true'),
('13',NULL,'1981-03-13','13','1998-09-02 15:16:18',NULL,'true'),
('14',NULL,'2002-01-30','14','1988-12-16 18:37:47',NULL,'false'),
('15',NULL,'2019-10-08','15','1990-01-20 17:15:47',NULL,'true'),
('16',NULL,'1998-08-29','16','1970-09-02 19:24:32',NULL,'false'),
('17',NULL,'1971-07-14','17','2004-05-16 14:30:17',NULL,'false'),
('18',NULL,'2007-10-07','18','1988-01-12 17:05:39',NULL,'false'),
('19',NULL,'1973-07-28','19','2008-09-06 20:26:51',NULL,'false'),
('20',NULL,'1973-04-06','20','1974-09-01 20:46:30',NULL,'false'),
('21',NULL,'1987-11-12','21','2013-07-11 02:15:35',NULL,'true'),
('22',NULL,'2008-01-29','22','2014-06-03 09:28:54',NULL,'true'),
('23',NULL,'1990-11-20','23','1975-04-23 01:53:14',NULL,'false'),
('24',NULL,'1970-04-07','24','1975-06-12 15:07:08',NULL,'true'),
('25',NULL,'1983-06-22','25','1985-05-16 02:02:22',NULL,'false'),
('26',NULL,'2015-05-23','26','2019-02-24 09:05:25',NULL,'false'),
('27',NULL,'1973-09-03','27','2004-10-19 21:25:57',NULL,'true'),
('28',NULL,'1971-12-01','28','1993-03-27 16:44:49',NULL,'false'),
('29',NULL,'1999-09-17','29','1990-05-14 17:24:53',NULL,'true'),
('30',NULL,'1979-01-30','30','1977-08-15 06:40:24',NULL,'false'),
('31',NULL,'1999-12-30','31','1986-02-15 16:08:47',NULL,'true'),
('32',NULL,'2011-03-16','32','2012-08-01 22:37:07',NULL,'false'),
('33',NULL,'1977-12-05','33','2010-01-23 18:06:14',NULL,'true'),
('34',NULL,'1972-11-13','34','1976-06-05 18:55:22',NULL,'true'),
('35',NULL,'1975-08-03','35','1986-01-10 13:08:02',NULL,'true'),
('36',NULL,'2017-07-01','36','1985-07-14 17:10:36',NULL,'false'),
('37',NULL,'1981-09-25','37','1994-09-14 11:06:02',NULL,'true'),
('38',NULL,'1984-07-29','38','1985-05-20 10:27:07',NULL,'true'),
('39',NULL,'2011-01-24','39','1991-11-02 19:16:35',NULL,'true'),
('40',NULL,'2019-09-19','40','2001-12-23 18:42:33',NULL,'true'),
('41',NULL,'2004-02-13','41','1987-08-09 02:44:14',NULL,'true'),
('42',NULL,'1972-03-22','42','2005-05-12 04:37:41',NULL,'true'),
('43',NULL,'1988-05-29','43','1999-05-09 01:07:04',NULL,'true'),
('44',NULL,'2001-07-02','44','1996-08-18 15:18:15',NULL,'false'),
('45',NULL,'1974-09-25','45','1982-08-01 11:21:19',NULL,'true'),
('46',NULL,'1971-08-20','46','1979-05-04 00:46:55',NULL,'true'),
('47',NULL,'1982-05-08','47','2006-01-09 19:14:34',NULL,'false'),
('48',NULL,'2008-07-05','48','2000-08-11 13:48:34',NULL,'true'),
('49',NULL,'2002-11-14','49','2010-08-09 17:06:28',NULL,'false'),
('50',NULL,'1991-03-19','50','1999-01-22 06:30:55',NULL,'false'),
('51',NULL,'1987-11-21','51','1970-07-25 01:27:14',NULL,'true'),
('52',NULL,'1986-06-06','52','1980-08-24 21:37:43',NULL,'false'),
('53',NULL,'2011-10-15','53','1991-01-25 23:59:47',NULL,'true'),
('54',NULL,'1989-01-30','54','1972-04-28 22:46:38',NULL,'false'),
('55',NULL,'1978-01-22','55','1988-03-29 15:15:05',NULL,'false'),
('56',NULL,'1988-11-26','56','1989-06-04 22:46:09',NULL,'true'),
('57',NULL,'2019-03-15','57','1976-10-19 16:03:07',NULL,'false'),
('58',NULL,'2018-07-04','58','2019-04-01 12:30:24',NULL,'true'),
('59',NULL,'2000-12-06','59','1991-01-27 03:20:25',NULL,'false'),
('60',NULL,'2015-01-20','60','1981-11-06 03:03:15',NULL,'false'),
('61',NULL,'2008-04-19','61','1996-03-17 19:26:51',NULL,'true'),
('62',NULL,'1990-07-05','62','1970-10-27 06:15:49',NULL,'true'),
('63',NULL,'1993-09-29','63','1992-04-26 04:52:31',NULL,'false'),
('64',NULL,'1987-08-22','64','1971-10-01 20:07:12',NULL,'true'),
('65',NULL,'1975-07-20','65','2005-07-16 10:17:00',NULL,'true'),
('66',NULL,'2011-07-16','66','1977-11-03 22:17:06',NULL,'true'),
('67',NULL,'1993-11-05','67','1996-03-04 06:18:09',NULL,'true'),
('68',NULL,'1986-11-06','68','1990-02-17 05:13:27',NULL,'false'),
('69',NULL,'1999-11-28','69','1989-09-14 11:51:41',NULL,'true'),
('70',NULL,'1971-04-17','70','2007-10-01 11:06:07',NULL,'false'),
('71',NULL,'2000-03-04','71','1972-07-23 14:46:07',NULL,'true'),
('72',NULL,'1996-12-17','72','2014-06-14 12:36:25',NULL,'false'),
('73',NULL,'2007-07-13','73','2008-05-18 12:17:06',NULL,'false'),
('74',NULL,'2004-09-19','74','2005-08-10 23:12:10',NULL,'false'),
('75',NULL,'2006-12-02','75','1980-12-03 18:16:37',NULL,'false'),
('76',NULL,'2005-09-01','76','1970-03-24 02:31:21',NULL,'false'),
('77',NULL,'2001-09-28','77','1981-11-20 03:17:47',NULL,'false'),
('78',NULL,'2009-10-09','78','1973-09-23 14:57:22',NULL,'false'),
('79',NULL,'2015-07-24','79','1998-01-27 00:53:02',NULL,'false'),
('80',NULL,'1977-09-03','80','1991-11-30 22:39:57',NULL,'true'),
('81',NULL,'2010-09-27','81','1999-06-22 12:36:31',NULL,'false'),
('82',NULL,'2003-07-16','82','2014-10-22 08:21:42',NULL,'true'),
('83',NULL,'2018-05-20','83','2007-04-04 18:13:31',NULL,'false'),
('84',NULL,'1987-05-23','84','1985-03-16 20:52:42',NULL,'false'),
('85',NULL,'2014-05-05','85','1981-11-10 05:55:55',NULL,'false'),
('86',NULL,'2009-08-08','86','2018-02-08 06:35:55',NULL,'true'),
('87',NULL,'2002-08-25','87','1988-12-10 09:24:33',NULL,'true'),
('88',NULL,'1995-05-01','88','2003-11-04 15:07:42',NULL,'false'),
('89',NULL,'2018-06-26','89','1974-08-22 06:40:27',NULL,'false'),
('90',NULL,'1974-02-22','90','1975-12-20 13:16:42',NULL,'false'),
('91',NULL,'2015-12-17','91','1989-06-10 19:37:45',NULL,'false'),
('92',NULL,'2000-03-01','92','2013-02-05 07:15:59',NULL,'false'),
('93',NULL,'2011-10-31','93','2004-04-30 09:16:05',NULL,'false'),
('94',NULL,'1999-04-07','94','2008-08-02 02:54:57',NULL,'false'),
('95',NULL,'1985-08-29','95','1988-06-06 14:30:25',NULL,'false'),
('96',NULL,'2013-01-17','96','2009-01-03 10:04:38',NULL,'true'),
('97',NULL,'1976-10-22','97','1998-05-03 18:48:58',NULL,'false'),
('98',NULL,'2013-12-20','98','2002-07-21 09:54:44',NULL,'true'),
('99',NULL,'1981-10-25','99','2002-09-02 06:48:26',NULL,'true'),
('100',NULL,'1995-04-23','100','1982-05-19 23:27:01',NULL,'true'); 


DROP TABLE IF EXISTS `users`;
CREATE TABLE `users` (
  `id` bigint(20) unsigned NOT NULL AUTO_INCREMENT,
  `firstname` varchar(50) COLLATE utf8_unicode_ci DEFAULT NULL,
  `lastname` varchar(50) COLLATE utf8_unicode_ci DEFAULT NULL COMMENT '',
  `email` varchar(120) COLLATE utf8_unicode_ci DEFAULT NULL,
  `phone` bigint(20) DEFAULT NULL,
  PRIMARY KEY (`id`),
  UNIQUE KEY `email` (`email`),
  KEY `users_phone_idx` (`phone`),
  KEY `users_firstname_lastname_idx` (`firstname`,`lastname`)
) ENGINE=InnoDB AUTO_INCREMENT=101 DEFAULT CHARSET=utf8 COLLATE=utf8_unicode_ci;

INSERT INTO `users` VALUES ('1','Elena','Hegmann','baumbach.christa@example.org','761212'),
('2','Montana','Gorczany','jacobi.lexie@example.org','3'),
('3','Monty','Stracke','jazlyn19@example.org','0'),
('4','Alene','Hermann','wunsch.marietta@example.org','963016'),
('5','Emmett','Carroll','yasmine94@example.net','1'),
('6','Athena','Ullrich','andreanne.o\'conner@example.com','163'),
('7','Kenny','Gerlach','prath@example.org','51599'),
('8','Annabelle','Ruecker','rbashirian@example.org','35814'),
('9','Angelita','Hackett','fausto51@example.org','0'),
('10','Felicity','Roob','nestor29@example.org','355'),
('11','Agustina','Quitzon','rosenbaum.delpha@example.com','56'),
('12','Queenie','Spencer','saul13@example.com','1'),
('13','Favian','Daugherty','august95@example.net','9946379961'),
('14','Abel','Sanford','jlemke@example.net','0'),
('15','Dolly','Dach','amya.rodriguez@example.net','380'),
('16','Brooke','Russel','kaleigh36@example.org','1561427677'),
('17','Stuart','Homenick','zulauf.chris@example.org','250232'),
('18','Kacey','Murphy','obeer@example.com','104514121'),
('19','Nat','Conroy','ccummings@example.com','225361'),
('20','Elnora','Blick','robyn72@example.org','55676'),
('21','Lamar','Hilpert','anissa02@example.net','327'),
('22','Eve','Turner','gerda76@example.org','988'),
('23','Allison','O\'Keefe','chadrick58@example.net','505523'),
('24','Candice','Morissette','griffin.kuvalis@example.net','69'),
('25','Crawford','Welch','tess47@example.net','1'),
('26','Elyssa','Bergnaum','xauer@example.net','58'),
('27','Armani','Block','janessa.mccullough@example.net','7531701209'),
('28','Otilia','Johnston','urban.beahan@example.net','1'),
('29','Melyna','Haag','dan.prosacco@example.org','0'),
('30','Katelyn','Cassin','jrau@example.net','487584'),
('31','Merl','O\'Conner','elta.hahn@example.org','627631'),
('32','Akeem','Hauck','kub.rosalia@example.com','0'),
('33','Pansy','Bergstrom','melvin58@example.com','987734'),
('34','Leland','Aufderhar','ebrown@example.org','89'),
('35','Kimberly','Klein','viviane.gleichner@example.net','281'),
('36','Marlen','Kunze','ashly.ryan@example.com','972'),
('37','Susan','Reilly','kautzer.amelia@example.org','349'),
('38','Alberta','Champlin','rjacobi@example.net','977'),
('39','Layne','Kuhn','jo.weissnat@example.com','11397'),
('40','Colt','Senger','emelie.langworth@example.com','537084'),
('41','Layne','Borer','ynitzsche@example.net','1'),
('42','Deven','Rolfson','sbreitenberg@example.com','105190'),
('43','Durward','Howell','kertzmann.vivianne@example.net','660'),
('44','Alyce','Dickens','yasmine44@example.com','58'),
('45','Clara','Lowe','marcelino98@example.org','9472968672'),
('46','Colt','Wuckert','edickens@example.com','3226984500'),
('47','Nelda','Anderson','botsford.wava@example.net','1'),
('48','Maudie','Walter','hartmann.claudia@example.com','0'),
('49','Millie','Hoppe','spinka.amber@example.com','108'),
('50','Ella','Halvorson','ardith35@example.com','9077104439'),
('51','Jamarcus','Hyatt','rau.juvenal@example.org','866'),
('52','Sherwood','Franecki','anna.medhurst@example.net','0'),
('53','Aubree','Leuschke','alexandrea.wunsch@example.net','1'),
('54','Zella','Cormier','graham.kristian@example.com','64'),
('55','Jedediah','Hilpert','irutherford@example.com','151'),
('56','Seamus','Shanahan','morissette.kip@example.com','0'),
('57','Zetta','Waelchi','madelynn.konopelski@example.net','93'),
('58','Stephen','Herman','hyatt.abbey@example.com','0'),
('59','Seamus','Stehr','nadia.rutherford@example.com','123224'),
('60','Rogers','Windler','coty.carroll@example.net','973'),
('61','Angelita','Yundt','cullen86@example.com','1'),
('62','Vincenza','Kerluke','sydni.baumbach@example.net','73'),
('63','Daron','Boehm','sasha.senger@example.net','326'),
('64','Anderson','Anderson','armstrong.augusta@example.org','1'),
('65','Eryn','Hansen','felton00@example.net','451728'),
('66','Laurie','Mohr','bhuel@example.com','60'),
('67','Felix','Smitham','cbechtelar@example.org','0'),
('68','Xzavier','Bailey','pfeffer.mitchel@example.org','6045347734'),
('69','Stanton','Hodkiewicz','nathanael45@example.org','750993'),
('70','Nicholas','Jacobson','rosemarie90@example.org','752473'),
('71','Dereck','Fisher','guy.boehm@example.org','473818'),
('72','Verlie','Kiehn','harvey21@example.net','76'),
('73','Uriah','Kihn','kaelyn.steuber@example.org','32135'),
('74','Sonia','Bogan','alana.kuhn@example.com','1'),
('75','Eliseo','Sauer','vern25@example.com','0'),
('76','Frieda','Spinka','prudence94@example.org','0'),
('77','Juliana','Mertz','zhalvorson@example.com','0'),
('78','Junius','Volkman','rowland36@example.org','125'),
('79','Okey','Pfeffer','reilly.celestino@example.org','73756742'),
('80','Kaycee','Wolf','drussel@example.org','435247'),
('81','Edmond','Gleichner','marlene.mraz@example.net','556770'),
('82','Conor','Schroeder','bwilliamson@example.com','1'),
('83','Norbert','Skiles','wilmer18@example.org','1'),
('84','Shakira','Hickle','freddy99@example.org','63550'),
('85','Pablo','Gerlach','schumm.mireille@example.net','1'),
('86','Florian','Langworth','maude.osinski@example.com','0'),
('87','Genoveva','Stracke','ieichmann@example.com','870930'),
('88','Ocie','Bashirian','clotilde10@example.com','920'),
('89','Ray','Lindgren','xabernathy@example.com','9158039914'),
('90','Shania','Breitenberg','brycen14@example.net','1'),
('91','Meda','Boehm','joseph64@example.com','179202'),
('92','Toby','Morissette','kuphal.karianne@example.net','0'),
('93','Theresia','Murazik','fgulgowski@example.net','423'),
('94','Floy','Hauck','idella.collier@example.net','933849'),
('95','Eldora','Sporer','yesenia38@example.net','0'),
('96','Schuyler','Weber','strosin.madaline@example.net','1'),
('97','Alivia','Schaden','mallory.eichmann@example.net','87'),
('98','Gisselle','Mosciski','nedra80@example.com','5056872660'),
('99','Orland','Kris','makenna64@example.net','0'),
('100','Chanelle','Lockman','vgleason@example.org','846555'); 


DROP TABLE IF EXISTS `users_communities`;
CREATE TABLE `users_communities` (
  `user_id` bigint(20) unsigned NOT NULL,
  `community_id` bigint(20) unsigned NOT NULL,
  PRIMARY KEY (`user_id`,`community_id`),
  KEY `community_id` (`community_id`),
  CONSTRAINT `users_communities_ibfk_1` FOREIGN KEY (`user_id`) REFERENCES `users` (`id`),
  CONSTRAINT `users_communities_ibfk_2` FOREIGN KEY (`community_id`) REFERENCES `communities` (`id`)
) ENGINE=InnoDB DEFAULT CHARSET=utf8 COLLATE=utf8_unicode_ci;

INSERT INTO `users_communities` VALUES ('1','1'),
('2','2'),
('3','3'),
('4','4'),
('5','5'),
('6','6'),
('7','7'),
('8','8'),
('9','9'),
('10','10'),
('11','11'),
('12','12'),
('13','13'),
('14','14'),
('15','15'),
('16','16'),
('17','17'),
('18','18'),
('19','19'),
('20','20'),
('21','21'),
('22','22'),
('23','23'),
('24','24'),
('25','25'),
('26','26'),
('27','27'),
('28','28'),
('29','29'),
('30','30'),
('31','31'),
('32','32'),
('33','33'),
('34','34'),
('35','35'),
('36','36'),
('37','37'),
('38','38'),
('39','39'),
('40','40'),
('41','41'),
('42','42'),
('43','43'),
('44','44'),
('45','45'),
('46','46'),
('47','47'),
('48','48'),
('49','49'),
('50','50'),
('51','51'),
('52','52'),
('53','53'),
('54','54'),
('55','55'),
('56','56'),
('57','57'),
('58','58'),
('59','59'),
('60','60'),
('61','61'),
('62','62'),
('63','63'),
('64','64'),
('65','65'),
('66','66'),
('67','67'),
('68','68'),
('69','69'),
('70','70'),
('71','71'),
('72','72'),
('73','73'),
('74','74'),
('75','75'),
('76','76'),
('77','77'),
('78','78'),
('79','79'),
('80','80'),
('81','81'),
('82','82'),
('83','83'),
('84','84'),
('85','85'),
('86','86'),
('87','87'),
('88','88'),
('89','89'),
('90','90'),
('91','91'),
('92','92'),
('93','93'),
('94','94'),
('95','95'),
('96','96'),
('97','97'),
('98','98'),
('99','99'),
('100','100'); 


DROP TABLE IF EXISTS `video`;
CREATE TABLE `video` (
  `id` bigint(20) unsigned NOT NULL AUTO_INCREMENT,
  `name` varchar(50) COLLATE utf8_unicode_ci NOT NULL,
  `owner` enum('user_id','free') COLLATE utf8_unicode_ci DEFAULT NULL,
  `author` varchar(50) COLLATE utf8_unicode_ci DEFAULT NULL,
  `media_type_id` bigint(20) unsigned NOT NULL,
  `length` time DEFAULT NULL,
  PRIMARY KEY (`id`),
  KEY `media_type_id` (`media_type_id`),
  CONSTRAINT `video_ibfk_1` FOREIGN KEY (`media_type_id`) REFERENCES `media_types` (`id`)
) ENGINE=InnoDB AUTO_INCREMENT=101 DEFAULT CHARSET=utf8 COLLATE=utf8_unicode_ci;

INSERT INTO `video` VALUES ('1','animi','user_id',NULL,'1','01:01:31'),
('2','mollitia','free',NULL,'2','03:11:42'),
('3','laudantium','user_id',NULL,'3','21:58:34'),
('4','facere','free',NULL,'4','16:25:30'),
('5','maxime','free',NULL,'5','21:46:23'),
('6','rerum','free',NULL,'1','11:57:46'),
('7','enim','free',NULL,'2','16:16:10'),
('8','et','user_id',NULL,'3','03:05:39'),
('9','esse','user_id',NULL,'4','22:37:37'),
('10','consequatur','user_id',NULL,'5','20:08:41'),
('11','ut','free',NULL,'1','13:12:53'),
('12','molestiae','user_id',NULL,'2','20:48:50'),
('13','accusamus','free',NULL,'3','04:43:27'),
('14','et','user_id',NULL,'4','06:50:56'),
('15','doloremque','free',NULL,'5','19:23:12'),
('16','eius','free',NULL,'1','12:18:41'),
('17','corporis','user_id',NULL,'2','09:44:12'),
('18','ut','free',NULL,'3','01:18:50'),
('19','mollitia','user_id',NULL,'4','18:17:26'),
('20','quaerat','free',NULL,'5','08:54:47'),
('21','eos','free',NULL,'1','00:06:36'),
('22','velit','user_id',NULL,'2','23:16:03'),
('23','molestias','user_id',NULL,'3','08:00:52'),
('24','enim','user_id',NULL,'4','04:05:49'),
('25','enim','free',NULL,'5','21:08:17'),
('26','provident','free',NULL,'1','07:01:44'),
('27','et','user_id',NULL,'2','05:14:34'),
('28','necessitatibus','user_id',NULL,'3','05:15:17'),
('29','commodi','free',NULL,'4','16:48:28'),
('30','deserunt','free',NULL,'5','10:44:20'),
('31','voluptas','free',NULL,'1','05:52:37'),
('32','eos','user_id',NULL,'2','07:50:45'),
('33','pariatur','free',NULL,'3','15:35:24'),
('34','itaque','user_id',NULL,'4','06:12:23'),
('35','consequatur','user_id',NULL,'5','03:43:54'),
('36','alias','free',NULL,'1','05:51:25'),
('37','qui','free',NULL,'2','00:07:29'),
('38','qui','user_id',NULL,'3','14:40:41'),
('39','voluptate','user_id',NULL,'4','07:33:33'),
('40','repellat','user_id',NULL,'5','00:25:18'),
('41','veniam','user_id',NULL,'1','10:18:44'),
('42','officia','free',NULL,'2','11:21:14'),
('43','corrupti','free',NULL,'3','02:28:25'),
('44','iste','user_id',NULL,'4','23:29:08'),
('45','possimus','free',NULL,'5','03:53:55'),
('46','eveniet','user_id',NULL,'1','17:08:05'),
('47','quisquam','free',NULL,'2','15:38:05'),
('48','qui','user_id',NULL,'3','11:55:46'),
('49','ratione','free',NULL,'4','11:48:52'),
('50','ratione','free',NULL,'5','16:32:09'),
('51','harum','user_id',NULL,'1','22:24:29'),
('52','ut','user_id',NULL,'2','06:04:48'),
('53','sit','user_id',NULL,'3','09:52:10'),
('54','molestiae','free',NULL,'4','06:26:21'),
('55','quo','user_id',NULL,'5','11:45:56'),
('56','est','free',NULL,'1','12:08:38'),
('57','repudiandae','user_id',NULL,'2','16:48:37'),
('58','voluptatem','free',NULL,'3','12:53:23'),
('59','nam','user_id',NULL,'4','02:42:25'),
('60','aspernatur','user_id',NULL,'5','13:41:11'),
('61','hic','free',NULL,'1','11:48:07'),
('62','fugit','free',NULL,'2','04:16:44'),
('63','nemo','user_id',NULL,'3','12:27:04'),
('64','cum','user_id',NULL,'4','01:49:35'),
('65','voluptatem','user_id',NULL,'5','08:11:42'),
('66','aut','user_id',NULL,'1','05:34:10'),
('67','maxime','free',NULL,'2','07:01:43'),
('68','dolor','free',NULL,'3','17:11:01'),
('69','ipsa','user_id',NULL,'4','03:52:45'),
('70','impedit','free',NULL,'5','13:47:40'),
('71','esse','free',NULL,'1','01:08:02'),
('72','hic','user_id',NULL,'2','16:03:52'),
('73','beatae','user_id',NULL,'3','22:21:33'),
('74','molestias','free',NULL,'4','20:30:04'),
('75','quaerat','user_id',NULL,'5','01:42:16'),
('76','quos','free',NULL,'1','12:41:58'),
('77','est','user_id',NULL,'2','04:20:07'),
('78','nostrum','user_id',NULL,'3','06:23:01'),
('79','ut','user_id',NULL,'4','06:18:19'),
('80','molestiae','user_id',NULL,'5','00:51:06'),
('81','asperiores','user_id',NULL,'1','03:09:03'),
('82','qui','free',NULL,'2','01:38:57'),
('83','qui','user_id',NULL,'3','11:33:56'),
('84','molestias','free',NULL,'4','22:55:44'),
('85','quod','user_id',NULL,'5','09:21:54'),
('86','minima','user_id',NULL,'1','10:18:02'),
('87','possimus','free',NULL,'2','23:21:49'),
('88','porro','user_id',NULL,'3','21:04:34'),
('89','atque','user_id',NULL,'4','15:47:20'),
('90','ea','user_id',NULL,'5','09:26:21'),
('91','nulla','free',NULL,'1','19:32:44'),
('92','autem','free',NULL,'2','02:08:07'),
('93','blanditiis','user_id',NULL,'3','15:50:41'),
('94','ipsum','user_id',NULL,'4','12:25:47'),
('95','eos','free',NULL,'5','00:49:57'),
('96','quasi','free',NULL,'1','02:30:09'),
('97','cupiditate','free',NULL,'2','07:28:12'),
('98','illo','user_id',NULL,'3','04:47:24'),
('99','consequatur','user_id',NULL,'4','17:29:54'),
('100','rerum','free',NULL,'5','21:15:07'); 




/*!40101 SET SQL_MODE=@OLD_SQL_MODE */;
/*!40014 SET FOREIGN_KEY_CHECKS=@OLD_FOREIGN_KEY_CHECKS */;
/*!40014 SET UNIQUE_CHECKS=@OLD_UNIQUE_CHECKS */;
/*!40101 SET CHARACTER_SET_CLIENT=@OLD_CHARACTER_SET_CLIENT */;
/*!40101 SET CHARACTER_SET_RESULTS=@OLD_CHARACTER_SET_RESULTS */;
/*!40101 SET COLLATION_CONNECTION=@OLD_COLLATION_CONNECTION */;
/*!40111 SET SQL_NOTES=@OLD_SQL_NOTES */;

